/usr/lib/python3.12/pickle.py:1710: UserWarning: [19:31:05] WARNING: /workspace/src/collective/../data/../common/error_msg.h:83: If you are loading a serialized model (like pickle in Python, RDS in R) or
configuration generated by an older version of XGBoost, please export the model by calling
`Booster.save_model` from that version first, then load it back in current version. See:

    https://xgboost.readthedocs.io/en/stable/tutorials/saving_model.html

for more details about differences between saving model and serializing.

  setstate(state)
/home/trading-python/api_liveScript.py:591: Pandas4Warning: Timestamp.utcnow is deprecated and will be removed in a future version. Use Timestamp.now('UTC') instead.
  "ts": pd.Timestamp.utcnow().isoformat(),
/usr/lib/python3.12/pickle.py:1710: UserWarning: [19:43:22] WARNING: /workspace/src/collective/../data/../common/error_msg.h:83: If you are loading a serialized model (like pickle in Python, RDS in R) or
configuration generated by an older version of XGBoost, please export the model by calling
`Booster.save_model` from that version first, then load it back in current version. See:

    https://xgboost.readthedocs.io/en/stable/tutorials/saving_model.html

for more details about differences between saving model and serializing.

  setstate(state)
/usr/lib/python3.12/pickle.py:1710: UserWarning: [20:00:04] WARNING: /workspace/src/collective/../data/../common/error_msg.h:83: If you are loading a serialized model (like pickle in Python, RDS in R) or
configuration generated by an older version of XGBoost, please export the model by calling
`Booster.save_model` from that version first, then load it back in current version. See:

    https://xgboost.readthedocs.io/en/stable/tutorials/saving_model.html

for more details about differences between saving model and serializing.

  setstate(state)
/usr/lib/python3.12/pickle.py:1710: UserWarning: [00:00:24] WARNING: /workspace/src/collective/../data/../common/error_msg.h:83: If you are loading a serialized model (like pickle in Python, RDS in R) or
configuration generated by an older version of XGBoost, please export the model by calling
`Booster.save_model` from that version first, then load it back in current version. See:

    https://xgboost.readthedocs.io/en/stable/tutorials/saving_model.html

for more details about differences between saving model and serializing.

  setstate(state)
/usr/lib/python3.12/pickle.py:1710: UserWarning: [04:00:10] WARNING: /workspace/src/collective/../data/../common/error_msg.h:83: If you are loading a serialized model (like pickle in Python, RDS in R) or
configuration generated by an older version of XGBoost, please export the model by calling
`Booster.save_model` from that version first, then load it back in current version. See:

    https://xgboost.readthedocs.io/en/stable/tutorials/saving_model.html

for more details about differences between saving model and serializing.

  setstate(state)
/usr/lib/python3.12/pickle.py:1710: UserWarning: [08:00:10] WARNING: /workspace/src/collective/../data/../common/error_msg.h:83: If you are loading a serialized model (like pickle in Python, RDS in R) or
configuration generated by an older version of XGBoost, please export the model by calling
`Booster.save_model` from that version first, then load it back in current version. See:

    https://xgboost.readthedocs.io/en/stable/tutorials/saving_model.html

for more details about differences between saving model and serializing.

  setstate(state)
/usr/lib/python3.12/pickle.py:1710: UserWarning: [12:00:09] WARNING: /workspace/src/collective/../data/../common/error_msg.h:83: If you are loading a serialized model (like pickle in Python, RDS in R) or
configuration generated by an older version of XGBoost, please export the model by calling
`Booster.save_model` from that version first, then load it back in current version. See:

    https://xgboost.readthedocs.io/en/stable/tutorials/saving_model.html

for more details about differences between saving model and serializing.

  setstate(state)
ERROR: APIError(code=-1013): Filter failure: NOTIONAL
/usr/lib/python3.12/pickle.py:1710: UserWarning: [16:00:09] WARNING: /workspace/src/collective/../data/../common/error_msg.h:83: If you are loading a serialized model (like pickle in Python, RDS in R) or
configuration generated by an older version of XGBoost, please export the model by calling
`Booster.save_model` from that version first, then load it back in current version. See:

    https://xgboost.readthedocs.io/en/stable/tutorials/saving_model.html

for more details about differences between saving model and serializing.

  setstate(state)
ERROR: APIError(code=-1013): Filter failure: NOTIONAL
/usr/lib/python3.12/pickle.py:1710: UserWarning: [20:00:10] WARNING: /workspace/src/collective/../data/../common/error_msg.h:83: If you are loading a serialized model (like pickle in Python, RDS in R) or
configuration generated by an older version of XGBoost, please export the model by calling
`Booster.save_model` from that version first, then load it back in current version. See:

    https://xgboost.readthedocs.io/en/stable/tutorials/saving_model.html

for more details about differences between saving model and serializing.

  setstate(state)
ERROR: APIError(code=-1013): Filter failure: NOTIONAL
/usr/lib/python3.12/pickle.py:1710: UserWarning: [00:00:28] WARNING: /workspace/src/collective/../data/../common/error_msg.h:83: If you are loading a serialized model (like pickle in Python, RDS in R) or
configuration generated by an older version of XGBoost, please export the model by calling
`Booster.save_model` from that version first, then load it back in current version. See:

    https://xgboost.readthedocs.io/en/stable/tutorials/saving_model.html

for more details about differences between saving model and serializing.

  setstate(state)
/usr/lib/python3.12/pickle.py:1710: UserWarning: [04:00:09] WARNING: /workspace/src/collective/../data/../common/error_msg.h:83: If you are loading a serialized model (like pickle in Python, RDS in R) or
configuration generated by an older version of XGBoost, please export the model by calling
`Booster.save_model` from that version first, then load it back in current version. See:

    https://xgboost.readthedocs.io/en/stable/tutorials/saving_model.html

for more details about differences between saving model and serializing.

  setstate(state)
/usr/lib/python3.12/pickle.py:1710: UserWarning: [08:00:10] WARNING: /workspace/src/collective/../data/../common/error_msg.h:83: If you are loading a serialized model (like pickle in Python, RDS in R) or
configuration generated by an older version of XGBoost, please export the model by calling
`Booster.save_model` from that version first, then load it back in current version. See:

    https://xgboost.readthedocs.io/en/stable/tutorials/saving_model.html

for more details about differences between saving model and serializing.

  setstate(state)
/usr/lib/python3.12/pickle.py:1710: UserWarning: [12:00:11] WARNING: /workspace/src/collective/../data/../common/error_msg.h:83: If you are loading a serialized model (like pickle in Python, RDS in R) or
configuration generated by an older version of XGBoost, please export the model by calling
`Booster.save_model` from that version first, then load it back in current version. See:

    https://xgboost.readthedocs.io/en/stable/tutorials/saving_model.html

for more details about differences between saving model and serializing.

  setstate(state)
/usr/lib/python3.12/pickle.py:1710: UserWarning: [16:00:09] WARNING: /workspace/src/collective/../data/../common/error_msg.h:83: If you are loading a serialized model (like pickle in Python, RDS in R) or
configuration generated by an older version of XGBoost, please export the model by calling
`Booster.save_model` from that version first, then load it back in current version. See:

    https://xgboost.readthedocs.io/en/stable/tutorials/saving_model.html

for more details about differences between saving model and serializing.

  setstate(state)
/usr/lib/python3.12/pickle.py:1710: UserWarning: [20:00:07] WARNING: /workspace/src/collective/../data/../common/error_msg.h:83: If you are loading a serialized model (like pickle in Python, RDS in R) or
configuration generated by an older version of XGBoost, please export the model by calling
`Booster.save_model` from that version first, then load it back in current version. See:

    https://xgboost.readthedocs.io/en/stable/tutorials/saving_model.html

for more details about differences between saving model and serializing.

  setstate(state)
/usr/lib/python3.12/pickle.py:1710: UserWarning: [00:00:14] WARNING: /workspace/src/collective/../data/../common/error_msg.h:83: If you are loading a serialized model (like pickle in Python, RDS in R) or
configuration generated by an older version of XGBoost, please export the model by calling
`Booster.save_model` from that version first, then load it back in current version. See:

    https://xgboost.readthedocs.io/en/stable/tutorials/saving_model.html

for more details about differences between saving model and serializing.

  setstate(state)
/usr/lib/python3.12/pickle.py:1710: UserWarning: [04:00:07] WARNING: /workspace/src/collective/../data/../common/error_msg.h:83: If you are loading a serialized model (like pickle in Python, RDS in R) or
configuration generated by an older version of XGBoost, please export the model by calling
`Booster.save_model` from that version first, then load it back in current version. See:

    https://xgboost.readthedocs.io/en/stable/tutorials/saving_model.html

for more details about differences between saving model and serializing.

  setstate(state)
/usr/lib/python3.12/pickle.py:1710: UserWarning: [08:00:12] WARNING: /workspace/src/collective/../data/../common/error_msg.h:83: If you are loading a serialized model (like pickle in Python, RDS in R) or
configuration generated by an older version of XGBoost, please export the model by calling
`Booster.save_model` from that version first, then load it back in current version. See:

    https://xgboost.readthedocs.io/en/stable/tutorials/saving_model.html

for more details about differences between saving model and serializing.

  setstate(state)
/usr/lib/python3.12/pickle.py:1710: UserWarning: [12:00:10] WARNING: /workspace/src/collective/../data/../common/error_msg.h:83: If you are loading a serialized model (like pickle in Python, RDS in R) or
configuration generated by an older version of XGBoost, please export the model by calling
`Booster.save_model` from that version first, then load it back in current version. See:

    https://xgboost.readthedocs.io/en/stable/tutorials/saving_model.html

for more details about differences between saving model and serializing.

  setstate(state)
/usr/lib/python3.12/pickle.py:1710: UserWarning: [16:00:09] WARNING: /workspace/src/collective/../data/../common/error_msg.h:83: If you are loading a serialized model (like pickle in Python, RDS in R) or
configuration generated by an older version of XGBoost, please export the model by calling
`Booster.save_model` from that version first, then load it back in current version. See:

    https://xgboost.readthedocs.io/en/stable/tutorials/saving_model.html

for more details about differences between saving model and serializing.

  setstate(state)
/usr/lib/python3.12/pickle.py:1710: UserWarning: [20:00:08] WARNING: /workspace/src/collective/../data/../common/error_msg.h:83: If you are loading a serialized model (like pickle in Python, RDS in R) or
configuration generated by an older version of XGBoost, please export the model by calling
`Booster.save_model` from that version first, then load it back in current version. See:

    https://xgboost.readthedocs.io/en/stable/tutorials/saving_model.html

for more details about differences between saving model and serializing.

  setstate(state)
/usr/lib/python3.12/pickle.py:1710: UserWarning: [00:00:35] WARNING: /workspace/src/collective/../data/../common/error_msg.h:83: If you are loading a serialized model (like pickle in Python, RDS in R) or
configuration generated by an older version of XGBoost, please export the model by calling
`Booster.save_model` from that version first, then load it back in current version. See:

    https://xgboost.readthedocs.io/en/stable/tutorials/saving_model.html

for more details about differences between saving model and serializing.

  setstate(state)
/usr/lib/python3.12/pickle.py:1710: UserWarning: [04:00:11] WARNING: /workspace/src/collective/../data/../common/error_msg.h:83: If you are loading a serialized model (like pickle in Python, RDS in R) or
configuration generated by an older version of XGBoost, please export the model by calling
`Booster.save_model` from that version first, then load it back in current version. See:

    https://xgboost.readthedocs.io/en/stable/tutorials/saving_model.html

for more details about differences between saving model and serializing.

  setstate(state)
/usr/lib/python3.12/pickle.py:1710: UserWarning: [08:00:08] WARNING: /workspace/src/collective/../data/../common/error_msg.h:83: If you are loading a serialized model (like pickle in Python, RDS in R) or
configuration generated by an older version of XGBoost, please export the model by calling
`Booster.save_model` from that version first, then load it back in current version. See:

    https://xgboost.readthedocs.io/en/stable/tutorials/saving_model.html

for more details about differences between saving model and serializing.

  setstate(state)
/usr/lib/python3.12/pickle.py:1710: UserWarning: [12:00:10] WARNING: /workspace/src/collective/../data/../common/error_msg.h:83: If you are loading a serialized model (like pickle in Python, RDS in R) or
configuration generated by an older version of XGBoost, please export the model by calling
`Booster.save_model` from that version first, then load it back in current version. See:

    https://xgboost.readthedocs.io/en/stable/tutorials/saving_model.html

for more details about differences between saving model and serializing.

  setstate(state)
ERROR: APIError(code=-1013): Filter failure: NOTIONAL
/usr/lib/python3.12/pickle.py:1710: UserWarning: [16:00:10] WARNING: /workspace/src/collective/../data/../common/error_msg.h:83: If you are loading a serialized model (like pickle in Python, RDS in R) or
configuration generated by an older version of XGBoost, please export the model by calling
`Booster.save_model` from that version first, then load it back in current version. See:

    https://xgboost.readthedocs.io/en/stable/tutorials/saving_model.html

for more details about differences between saving model and serializing.

  setstate(state)
/usr/lib/python3.12/pickle.py:1710: UserWarning: [20:00:08] WARNING: /workspace/src/collective/../data/../common/error_msg.h:83: If you are loading a serialized model (like pickle in Python, RDS in R) or
configuration generated by an older version of XGBoost, please export the model by calling
`Booster.save_model` from that version first, then load it back in current version. See:

    https://xgboost.readthedocs.io/en/stable/tutorials/saving_model.html

for more details about differences between saving model and serializing.

  setstate(state)
/usr/lib/python3.12/pickle.py:1710: UserWarning: [00:00:30] WARNING: /workspace/src/collective/../data/../common/error_msg.h:83: If you are loading a serialized model (like pickle in Python, RDS in R) or
configuration generated by an older version of XGBoost, please export the model by calling
`Booster.save_model` from that version first, then load it back in current version. See:

    https://xgboost.readthedocs.io/en/stable/tutorials/saving_model.html

for more details about differences between saving model and serializing.

  setstate(state)
ERROR: APIError(code=-1013): Filter failure: NOTIONAL
/usr/lib/python3.12/pickle.py:1710: UserWarning: [04:00:11] WARNING: /workspace/src/collective/../data/../common/error_msg.h:83: If you are loading a serialized model (like pickle in Python, RDS in R) or
configuration generated by an older version of XGBoost, please export the model by calling
`Booster.save_model` from that version first, then load it back in current version. See:

    https://xgboost.readthedocs.io/en/stable/tutorials/saving_model.html

for more details about differences between saving model and serializing.

  setstate(state)
/usr/lib/python3.12/pickle.py:1710: UserWarning: [08:00:08] WARNING: /workspace/src/collective/../data/../common/error_msg.h:83: If you are loading a serialized model (like pickle in Python, RDS in R) or
configuration generated by an older version of XGBoost, please export the model by calling
`Booster.save_model` from that version first, then load it back in current version. See:

    https://xgboost.readthedocs.io/en/stable/tutorials/saving_model.html

for more details about differences between saving model and serializing.

  setstate(state)
/usr/lib/python3.12/pickle.py:1710: UserWarning: [12:00:12] WARNING: /workspace/src/collective/../data/../common/error_msg.h:83: If you are loading a serialized model (like pickle in Python, RDS in R) or
configuration generated by an older version of XGBoost, please export the model by calling
`Booster.save_model` from that version first, then load it back in current version. See:

    https://xgboost.readthedocs.io/en/stable/tutorials/saving_model.html

for more details about differences between saving model and serializing.

  setstate(state)
/usr/lib/python3.12/pickle.py:1710: UserWarning: [16:00:08] WARNING: /workspace/src/collective/../data/../common/error_msg.h:83: If you are loading a serialized model (like pickle in Python, RDS in R) or
configuration generated by an older version of XGBoost, please export the model by calling
`Booster.save_model` from that version first, then load it back in current version. See:

    https://xgboost.readthedocs.io/en/stable/tutorials/saving_model.html

for more details about differences between saving model and serializing.

  setstate(state)
/usr/lib/python3.12/pickle.py:1710: UserWarning: [20:00:09] WARNING: /workspace/src/collective/../data/../common/error_msg.h:83: If you are loading a serialized model (like pickle in Python, RDS in R) or
configuration generated by an older version of XGBoost, please export the model by calling
`Booster.save_model` from that version first, then load it back in current version. See:

    https://xgboost.readthedocs.io/en/stable/tutorials/saving_model.html

for more details about differences between saving model and serializing.

  setstate(state)
/usr/lib/python3.12/pickle.py:1710: UserWarning: [00:00:16] WARNING: /workspace/src/collective/../data/../common/error_msg.h:83: If you are loading a serialized model (like pickle in Python, RDS in R) or
configuration generated by an older version of XGBoost, please export the model by calling
`Booster.save_model` from that version first, then load it back in current version. See:

    https://xgboost.readthedocs.io/en/stable/tutorials/saving_model.html

for more details about differences between saving model and serializing.

  setstate(state)
/usr/lib/python3.12/pickle.py:1710: UserWarning: [04:00:07] WARNING: /workspace/src/collective/../data/../common/error_msg.h:83: If you are loading a serialized model (like pickle in Python, RDS in R) or
configuration generated by an older version of XGBoost, please export the model by calling
`Booster.save_model` from that version first, then load it back in current version. See:

    https://xgboost.readthedocs.io/en/stable/tutorials/saving_model.html

for more details about differences between saving model and serializing.

  setstate(state)
/usr/lib/python3.12/pickle.py:1710: UserWarning: [08:00:08] WARNING: /workspace/src/collective/../data/../common/error_msg.h:83: If you are loading a serialized model (like pickle in Python, RDS in R) or
configuration generated by an older version of XGBoost, please export the model by calling
`Booster.save_model` from that version first, then load it back in current version. See:

    https://xgboost.readthedocs.io/en/stable/tutorials/saving_model.html

for more details about differences between saving model and serializing.

  setstate(state)
/usr/lib/python3.12/pickle.py:1710: UserWarning: [12:00:08] WARNING: /workspace/src/collective/../data/../common/error_msg.h:83: If you are loading a serialized model (like pickle in Python, RDS in R) or
configuration generated by an older version of XGBoost, please export the model by calling
`Booster.save_model` from that version first, then load it back in current version. See:

    https://xgboost.readthedocs.io/en/stable/tutorials/saving_model.html

for more details about differences between saving model and serializing.

  setstate(state)
/usr/lib/python3.12/pickle.py:1710: UserWarning: [16:00:08] WARNING: /workspace/src/collective/../data/../common/error_msg.h:83: If you are loading a serialized model (like pickle in Python, RDS in R) or
configuration generated by an older version of XGBoost, please export the model by calling
`Booster.save_model` from that version first, then load it back in current version. See:

    https://xgboost.readthedocs.io/en/stable/tutorials/saving_model.html

for more details about differences between saving model and serializing.

  setstate(state)
/usr/lib/python3.12/pickle.py:1710: UserWarning: [20:00:07] WARNING: /workspace/src/collective/../data/../common/error_msg.h:83: If you are loading a serialized model (like pickle in Python, RDS in R) or
configuration generated by an older version of XGBoost, please export the model by calling
`Booster.save_model` from that version first, then load it back in current version. See:

    https://xgboost.readthedocs.io/en/stable/tutorials/saving_model.html

for more details about differences between saving model and serializing.

  setstate(state)
/usr/lib/python3.12/pickle.py:1710: UserWarning: [00:00:13] WARNING: /workspace/src/collective/../data/../common/error_msg.h:83: If you are loading a serialized model (like pickle in Python, RDS in R) or
configuration generated by an older version of XGBoost, please export the model by calling
`Booster.save_model` from that version first, then load it back in current version. See:

    https://xgboost.readthedocs.io/en/stable/tutorials/saving_model.html

for more details about differences between saving model and serializing.

  setstate(state)
/usr/lib/python3.12/pickle.py:1710: UserWarning: [04:00:10] WARNING: /workspace/src/collective/../data/../common/error_msg.h:83: If you are loading a serialized model (like pickle in Python, RDS in R) or
configuration generated by an older version of XGBoost, please export the model by calling
`Booster.save_model` from that version first, then load it back in current version. See:

    https://xgboost.readthedocs.io/en/stable/tutorials/saving_model.html

for more details about differences between saving model and serializing.

  setstate(state)
/usr/lib/python3.12/pickle.py:1710: UserWarning: [08:00:09] WARNING: /workspace/src/collective/../data/../common/error_msg.h:83: If you are loading a serialized model (like pickle in Python, RDS in R) or
configuration generated by an older version of XGBoost, please export the model by calling
`Booster.save_model` from that version first, then load it back in current version. See:

    https://xgboost.readthedocs.io/en/stable/tutorials/saving_model.html

for more details about differences between saving model and serializing.

  setstate(state)
ERROR: APIError(code=-1013): Filter failure: NOTIONAL
/usr/lib/python3.12/pickle.py:1710: UserWarning: [12:00:07] WARNING: /workspace/src/collective/../data/../common/error_msg.h:83: If you are loading a serialized model (like pickle in Python, RDS in R) or
configuration generated by an older version of XGBoost, please export the model by calling
`Booster.save_model` from that version first, then load it back in current version. See:

    https://xgboost.readthedocs.io/en/stable/tutorials/saving_model.html

for more details about differences between saving model and serializing.

  setstate(state)
/usr/lib/python3.12/pickle.py:1710: UserWarning: [16:00:07] WARNING: /workspace/src/collective/../data/../common/error_msg.h:83: If you are loading a serialized model (like pickle in Python, RDS in R) or
configuration generated by an older version of XGBoost, please export the model by calling
`Booster.save_model` from that version first, then load it back in current version. See:

    https://xgboost.readthedocs.io/en/stable/tutorials/saving_model.html

for more details about differences between saving model and serializing.

  setstate(state)
/usr/lib/python3.12/pickle.py:1710: UserWarning: [20:00:06] WARNING: /workspace/src/collective/../data/../common/error_msg.h:83: If you are loading a serialized model (like pickle in Python, RDS in R) or
configuration generated by an older version of XGBoost, please export the model by calling
`Booster.save_model` from that version first, then load it back in current version. See:

    https://xgboost.readthedocs.io/en/stable/tutorials/saving_model.html

for more details about differences between saving model and serializing.

  setstate(state)
/usr/lib/python3.12/pickle.py:1710: UserWarning: [00:00:08] WARNING: /workspace/src/collective/../data/../common/error_msg.h:83: If you are loading a serialized model (like pickle in Python, RDS in R) or
configuration generated by an older version of XGBoost, please export the model by calling
`Booster.save_model` from that version first, then load it back in current version. See:

    https://xgboost.readthedocs.io/en/stable/tutorials/saving_model.html

for more details about differences between saving model and serializing.

  setstate(state)
/usr/lib/python3.12/pickle.py:1710: UserWarning: [04:00:07] WARNING: /workspace/src/collective/../data/../common/error_msg.h:83: If you are loading a serialized model (like pickle in Python, RDS in R) or
configuration generated by an older version of XGBoost, please export the model by calling
`Booster.save_model` from that version first, then load it back in current version. See:

    https://xgboost.readthedocs.io/en/stable/tutorials/saving_model.html

for more details about differences between saving model and serializing.

  setstate(state)
ERROR: APIError(code=-1013): Filter failure: NOTIONAL | run_duration_seconds: 6.984
/usr/lib/python3.12/pickle.py:1710: UserWarning: [08:00:09] WARNING: /workspace/src/collective/../data/../common/error_msg.h:83: If you are loading a serialized model (like pickle in Python, RDS in R) or
configuration generated by an older version of XGBoost, please export the model by calling
`Booster.save_model` from that version first, then load it back in current version. See:

    https://xgboost.readthedocs.io/en/stable/tutorials/saving_model.html

for more details about differences between saving model and serializing.

  setstate(state)
/usr/lib/python3.12/pickle.py:1710: UserWarning: [12:00:09] WARNING: /workspace/src/collective/../data/../common/error_msg.h:83: If you are loading a serialized model (like pickle in Python, RDS in R) or
configuration generated by an older version of XGBoost, please export the model by calling
`Booster.save_model` from that version first, then load it back in current version. See:

    https://xgboost.readthedocs.io/en/stable/tutorials/saving_model.html

for more details about differences between saving model and serializing.

  setstate(state)
/usr/lib/python3.12/pickle.py:1710: UserWarning: [16:00:05] WARNING: /workspace/src/collective/../data/../common/error_msg.h:83: If you are loading a serialized model (like pickle in Python, RDS in R) or
configuration generated by an older version of XGBoost, please export the model by calling
`Booster.save_model` from that version first, then load it back in current version. See:

    https://xgboost.readthedocs.io/en/stable/tutorials/saving_model.html

for more details about differences between saving model and serializing.

  setstate(state)
/usr/lib/python3.12/pickle.py:1710: UserWarning: [20:00:09] WARNING: /workspace/src/collective/../data/../common/error_msg.h:83: If you are loading a serialized model (like pickle in Python, RDS in R) or
configuration generated by an older version of XGBoost, please export the model by calling
`Booster.save_model` from that version first, then load it back in current version. See:

    https://xgboost.readthedocs.io/en/stable/tutorials/saving_model.html

for more details about differences between saving model and serializing.

  setstate(state)
/usr/lib/python3.12/pickle.py:1710: UserWarning: [00:00:12] WARNING: /workspace/src/collective/../data/../common/error_msg.h:83: If you are loading a serialized model (like pickle in Python, RDS in R) or
configuration generated by an older version of XGBoost, please export the model by calling
`Booster.save_model` from that version first, then load it back in current version. See:

    https://xgboost.readthedocs.io/en/stable/tutorials/saving_model.html

for more details about differences between saving model and serializing.

  setstate(state)
/usr/lib/python3.12/pickle.py:1710: UserWarning: [04:00:07] WARNING: /workspace/src/collective/../data/../common/error_msg.h:83: If you are loading a serialized model (like pickle in Python, RDS in R) or
configuration generated by an older version of XGBoost, please export the model by calling
`Booster.save_model` from that version first, then load it back in current version. See:

    https://xgboost.readthedocs.io/en/stable/tutorials/saving_model.html

for more details about differences between saving model and serializing.

  setstate(state)
/usr/lib/python3.12/pickle.py:1710: UserWarning: [08:00:08] WARNING: /workspace/src/collective/../data/../common/error_msg.h:83: If you are loading a serialized model (like pickle in Python, RDS in R) or
configuration generated by an older version of XGBoost, please export the model by calling
`Booster.save_model` from that version first, then load it back in current version. See:

    https://xgboost.readthedocs.io/en/stable/tutorials/saving_model.html

for more details about differences between saving model and serializing.

  setstate(state)
/usr/lib/python3.12/pickle.py:1710: UserWarning: [12:00:08] WARNING: /workspace/src/collective/../data/../common/error_msg.h:83: If you are loading a serialized model (like pickle in Python, RDS in R) or
configuration generated by an older version of XGBoost, please export the model by calling
`Booster.save_model` from that version first, then load it back in current version. See:

    https://xgboost.readthedocs.io/en/stable/tutorials/saving_model.html

for more details about differences between saving model and serializing.

  setstate(state)
/usr/lib/python3.12/pickle.py:1710: UserWarning: [16:00:08] WARNING: /workspace/src/collective/../data/../common/error_msg.h:83: If you are loading a serialized model (like pickle in Python, RDS in R) or
configuration generated by an older version of XGBoost, please export the model by calling
`Booster.save_model` from that version first, then load it back in current version. See:

    https://xgboost.readthedocs.io/en/stable/tutorials/saving_model.html

for more details about differences between saving model and serializing.

  setstate(state)
/usr/lib/python3.12/pickle.py:1710: UserWarning: [20:00:08] WARNING: /workspace/src/collective/../data/../common/error_msg.h:83: If you are loading a serialized model (like pickle in Python, RDS in R) or
configuration generated by an older version of XGBoost, please export the model by calling
`Booster.save_model` from that version first, then load it back in current version. See:

    https://xgboost.readthedocs.io/en/stable/tutorials/saving_model.html

for more details about differences between saving model and serializing.

  setstate(state)
/usr/lib/python3.12/pickle.py:1710: UserWarning: [00:00:11] WARNING: /workspace/src/collective/../data/../common/error_msg.h:83: If you are loading a serialized model (like pickle in Python, RDS in R) or
configuration generated by an older version of XGBoost, please export the model by calling
`Booster.save_model` from that version first, then load it back in current version. See:

    https://xgboost.readthedocs.io/en/stable/tutorials/saving_model.html

for more details about differences between saving model and serializing.

  setstate(state)
/usr/lib/python3.12/pickle.py:1710: UserWarning: [04:00:08] WARNING: /workspace/src/collective/../data/../common/error_msg.h:83: If you are loading a serialized model (like pickle in Python, RDS in R) or
configuration generated by an older version of XGBoost, please export the model by calling
`Booster.save_model` from that version first, then load it back in current version. See:

    https://xgboost.readthedocs.io/en/stable/tutorials/saving_model.html

for more details about differences between saving model and serializing.

  setstate(state)
ERROR: APIError(code=-1013): Filter failure: NOTIONAL | run_duration_seconds: 6.798
/usr/lib/python3.12/pickle.py:1710: UserWarning: [08:00:10] WARNING: /workspace/src/collective/../data/../common/error_msg.h:83: If you are loading a serialized model (like pickle in Python, RDS in R) or
configuration generated by an older version of XGBoost, please export the model by calling
`Booster.save_model` from that version first, then load it back in current version. See:

    https://xgboost.readthedocs.io/en/stable/tutorials/saving_model.html

for more details about differences between saving model and serializing.

  setstate(state)
ERROR: APIError(code=-1013): Filter failure: NOTIONAL | run_duration_seconds: 6.324
/usr/lib/python3.12/pickle.py:1710: UserWarning: [12:00:09] WARNING: /workspace/src/collective/../data/../common/error_msg.h:83: If you are loading a serialized model (like pickle in Python, RDS in R) or
configuration generated by an older version of XGBoost, please export the model by calling
`Booster.save_model` from that version first, then load it back in current version. See:

    https://xgboost.readthedocs.io/en/stable/tutorials/saving_model.html

for more details about differences between saving model and serializing.

  setstate(state)
ERROR: APIError(code=-1013): Filter failure: NOTIONAL | run_duration_seconds: 6.634
/usr/lib/python3.12/pickle.py:1710: UserWarning: [16:00:08] WARNING: /workspace/src/collective/../data/../common/error_msg.h:83: If you are loading a serialized model (like pickle in Python, RDS in R) or
configuration generated by an older version of XGBoost, please export the model by calling
`Booster.save_model` from that version first, then load it back in current version. See:

    https://xgboost.readthedocs.io/en/stable/tutorials/saving_model.html

for more details about differences between saving model and serializing.

  setstate(state)
/usr/lib/python3.12/pickle.py:1710: UserWarning: [20:00:06] WARNING: /workspace/src/collective/../data/../common/error_msg.h:83: If you are loading a serialized model (like pickle in Python, RDS in R) or
configuration generated by an older version of XGBoost, please export the model by calling
`Booster.save_model` from that version first, then load it back in current version. See:

    https://xgboost.readthedocs.io/en/stable/tutorials/saving_model.html

for more details about differences between saving model and serializing.

  setstate(state)
/usr/lib/python3.12/pickle.py:1710: UserWarning: [00:00:09] WARNING: /workspace/src/collective/../data/../common/error_msg.h:83: If you are loading a serialized model (like pickle in Python, RDS in R) or
configuration generated by an older version of XGBoost, please export the model by calling
`Booster.save_model` from that version first, then load it back in current version. See:

    https://xgboost.readthedocs.io/en/stable/tutorials/saving_model.html

for more details about differences between saving model and serializing.

  setstate(state)
ERROR: APIError(code=-1013): Filter failure: NOTIONAL | run_duration_seconds: 6.608
/usr/lib/python3.12/pickle.py:1710: UserWarning: [04:00:08] WARNING: /workspace/src/collective/../data/../common/error_msg.h:83: If you are loading a serialized model (like pickle in Python, RDS in R) or
configuration generated by an older version of XGBoost, please export the model by calling
`Booster.save_model` from that version first, then load it back in current version. See:

    https://xgboost.readthedocs.io/en/stable/tutorials/saving_model.html

for more details about differences between saving model and serializing.

  setstate(state)
/usr/lib/python3.12/pickle.py:1710: UserWarning: [08:00:08] WARNING: /workspace/src/collective/../data/../common/error_msg.h:83: If you are loading a serialized model (like pickle in Python, RDS in R) or
configuration generated by an older version of XGBoost, please export the model by calling
`Booster.save_model` from that version first, then load it back in current version. See:

    https://xgboost.readthedocs.io/en/stable/tutorials/saving_model.html

for more details about differences between saving model and serializing.

  setstate(state)
/usr/lib/python3.12/pickle.py:1710: UserWarning: [12:00:08] WARNING: /workspace/src/collective/../data/../common/error_msg.h:83: If you are loading a serialized model (like pickle in Python, RDS in R) or
configuration generated by an older version of XGBoost, please export the model by calling
`Booster.save_model` from that version first, then load it back in current version. See:

    https://xgboost.readthedocs.io/en/stable/tutorials/saving_model.html

for more details about differences between saving model and serializing.

  setstate(state)
/usr/lib/python3.12/pickle.py:1710: UserWarning: [16:00:08] WARNING: /workspace/src/collective/../data/../common/error_msg.h:83: If you are loading a serialized model (like pickle in Python, RDS in R) or
configuration generated by an older version of XGBoost, please export the model by calling
`Booster.save_model` from that version first, then load it back in current version. See:

    https://xgboost.readthedocs.io/en/stable/tutorials/saving_model.html

for more details about differences between saving model and serializing.

  setstate(state)
/usr/lib/python3.12/pickle.py:1710: UserWarning: [20:00:07] WARNING: /workspace/src/collective/../data/../common/error_msg.h:83: If you are loading a serialized model (like pickle in Python, RDS in R) or
configuration generated by an older version of XGBoost, please export the model by calling
`Booster.save_model` from that version first, then load it back in current version. See:

    https://xgboost.readthedocs.io/en/stable/tutorials/saving_model.html

for more details about differences between saving model and serializing.

  setstate(state)
ERROR: APIError(code=-1013): Filter failure: NOTIONAL | run_duration_seconds: 6.15
/usr/lib/python3.12/pickle.py:1710: UserWarning: [00:00:13] WARNING: /workspace/src/collective/../data/../common/error_msg.h:83: If you are loading a serialized model (like pickle in Python, RDS in R) or
configuration generated by an older version of XGBoost, please export the model by calling
`Booster.save_model` from that version first, then load it back in current version. See:

    https://xgboost.readthedocs.io/en/stable/tutorials/saving_model.html

for more details about differences between saving model and serializing.

  setstate(state)
ERROR: APIError(code=-1013): Filter failure: NOTIONAL | run_duration_seconds: 10.046
/usr/lib/python3.12/pickle.py:1710: UserWarning: [04:00:07] WARNING: /workspace/src/collective/../data/../common/error_msg.h:83: If you are loading a serialized model (like pickle in Python, RDS in R) or
configuration generated by an older version of XGBoost, please export the model by calling
`Booster.save_model` from that version first, then load it back in current version. See:

    https://xgboost.readthedocs.io/en/stable/tutorials/saving_model.html

for more details about differences between saving model and serializing.

  setstate(state)
/usr/lib/python3.12/pickle.py:1710: UserWarning: [08:00:08] WARNING: /workspace/src/collective/../data/../common/error_msg.h:83: If you are loading a serialized model (like pickle in Python, RDS in R) or
configuration generated by an older version of XGBoost, please export the model by calling
`Booster.save_model` from that version first, then load it back in current version. See:

    https://xgboost.readthedocs.io/en/stable/tutorials/saving_model.html

for more details about differences between saving model and serializing.

  setstate(state)
ERROR: APIError(code=-1013): Filter failure: NOTIONAL | run_duration_seconds: 6.0
/usr/lib/python3.12/pickle.py:1710: UserWarning: [12:00:08] WARNING: /workspace/src/collective/../data/../common/error_msg.h:83: If you are loading a serialized model (like pickle in Python, RDS in R) or
configuration generated by an older version of XGBoost, please export the model by calling
`Booster.save_model` from that version first, then load it back in current version. See:

    https://xgboost.readthedocs.io/en/stable/tutorials/saving_model.html

for more details about differences between saving model and serializing.

  setstate(state)
/usr/lib/python3.12/pickle.py:1710: UserWarning: [16:00:08] WARNING: /workspace/src/collective/../data/../common/error_msg.h:83: If you are loading a serialized model (like pickle in Python, RDS in R) or
configuration generated by an older version of XGBoost, please export the model by calling
`Booster.save_model` from that version first, then load it back in current version. See:

    https://xgboost.readthedocs.io/en/stable/tutorials/saving_model.html

for more details about differences between saving model and serializing.

  setstate(state)
/usr/lib/python3.12/pickle.py:1710: UserWarning: [20:00:06] WARNING: /workspace/src/collective/../data/../common/error_msg.h:83: If you are loading a serialized model (like pickle in Python, RDS in R) or
configuration generated by an older version of XGBoost, please export the model by calling
`Booster.save_model` from that version first, then load it back in current version. See:

    https://xgboost.readthedocs.io/en/stable/tutorials/saving_model.html

for more details about differences between saving model and serializing.

  setstate(state)
/usr/lib/python3.12/pickle.py:1710: UserWarning: [00:00:16] WARNING: /workspace/src/collective/../data/../common/error_msg.h:83: If you are loading a serialized model (like pickle in Python, RDS in R) or
configuration generated by an older version of XGBoost, please export the model by calling
`Booster.save_model` from that version first, then load it back in current version. See:

    https://xgboost.readthedocs.io/en/stable/tutorials/saving_model.html

for more details about differences between saving model and serializing.

  setstate(state)
/usr/lib/python3.12/pickle.py:1710: UserWarning: [04:00:08] WARNING: /workspace/src/collective/../data/../common/error_msg.h:83: If you are loading a serialized model (like pickle in Python, RDS in R) or
configuration generated by an older version of XGBoost, please export the model by calling
`Booster.save_model` from that version first, then load it back in current version. See:

    https://xgboost.readthedocs.io/en/stable/tutorials/saving_model.html

for more details about differences between saving model and serializing.

  setstate(state)
/usr/lib/python3.12/pickle.py:1710: UserWarning: [08:00:11] WARNING: /workspace/src/collective/../data/../common/error_msg.h:83: If you are loading a serialized model (like pickle in Python, RDS in R) or
configuration generated by an older version of XGBoost, please export the model by calling
`Booster.save_model` from that version first, then load it back in current version. See:

    https://xgboost.readthedocs.io/en/stable/tutorials/saving_model.html

for more details about differences between saving model and serializing.

  setstate(state)
/usr/lib/python3.12/pickle.py:1710: UserWarning: [12:00:09] WARNING: /workspace/src/collective/../data/../common/error_msg.h:83: If you are loading a serialized model (like pickle in Python, RDS in R) or
configuration generated by an older version of XGBoost, please export the model by calling
`Booster.save_model` from that version first, then load it back in current version. See:

    https://xgboost.readthedocs.io/en/stable/tutorials/saving_model.html

for more details about differences between saving model and serializing.

  setstate(state)
/usr/lib/python3.12/pickle.py:1710: UserWarning: [16:00:08] WARNING: /workspace/src/collective/../data/../common/error_msg.h:83: If you are loading a serialized model (like pickle in Python, RDS in R) or
configuration generated by an older version of XGBoost, please export the model by calling
`Booster.save_model` from that version first, then load it back in current version. See:

    https://xgboost.readthedocs.io/en/stable/tutorials/saving_model.html

for more details about differences between saving model and serializing.

  setstate(state)
/usr/lib/python3.12/pickle.py:1710: UserWarning: [20:00:06] WARNING: /workspace/src/collective/../data/../common/error_msg.h:83: If you are loading a serialized model (like pickle in Python, RDS in R) or
configuration generated by an older version of XGBoost, please export the model by calling
`Booster.save_model` from that version first, then load it back in current version. See:

    https://xgboost.readthedocs.io/en/stable/tutorials/saving_model.html

for more details about differences between saving model and serializing.

  setstate(state)
/usr/lib/python3.12/pickle.py:1710: UserWarning: [00:00:19] WARNING: /workspace/src/collective/../data/../common/error_msg.h:83: If you are loading a serialized model (like pickle in Python, RDS in R) or
configuration generated by an older version of XGBoost, please export the model by calling
`Booster.save_model` from that version first, then load it back in current version. See:

    https://xgboost.readthedocs.io/en/stable/tutorials/saving_model.html

for more details about differences between saving model and serializing.

  setstate(state)
/usr/lib/python3.12/pickle.py:1710: UserWarning: [04:00:08] WARNING: /workspace/src/collective/../data/../common/error_msg.h:83: If you are loading a serialized model (like pickle in Python, RDS in R) or
configuration generated by an older version of XGBoost, please export the model by calling
`Booster.save_model` from that version first, then load it back in current version. See:

    https://xgboost.readthedocs.io/en/stable/tutorials/saving_model.html

for more details about differences between saving model and serializing.

  setstate(state)
/usr/lib/python3.12/pickle.py:1710: UserWarning: [08:00:09] WARNING: /workspace/src/collective/../data/../common/error_msg.h:83: If you are loading a serialized model (like pickle in Python, RDS in R) or
configuration generated by an older version of XGBoost, please export the model by calling
`Booster.save_model` from that version first, then load it back in current version. See:

    https://xgboost.readthedocs.io/en/stable/tutorials/saving_model.html

for more details about differences between saving model and serializing.

  setstate(state)
/usr/lib/python3.12/pickle.py:1710: UserWarning: [12:00:08] WARNING: /workspace/src/collective/../data/../common/error_msg.h:83: If you are loading a serialized model (like pickle in Python, RDS in R) or
configuration generated by an older version of XGBoost, please export the model by calling
`Booster.save_model` from that version first, then load it back in current version. See:

    https://xgboost.readthedocs.io/en/stable/tutorials/saving_model.html

for more details about differences between saving model and serializing.

  setstate(state)
/usr/lib/python3.12/pickle.py:1710: UserWarning: [16:00:06] WARNING: /workspace/src/collective/../data/../common/error_msg.h:83: If you are loading a serialized model (like pickle in Python, RDS in R) or
configuration generated by an older version of XGBoost, please export the model by calling
`Booster.save_model` from that version first, then load it back in current version. See:

    https://xgboost.readthedocs.io/en/stable/tutorials/saving_model.html

for more details about differences between saving model and serializing.

  setstate(state)
/usr/lib/python3.12/pickle.py:1710: UserWarning: [20:00:06] WARNING: /workspace/src/collective/../data/../common/error_msg.h:83: If you are loading a serialized model (like pickle in Python, RDS in R) or
configuration generated by an older version of XGBoost, please export the model by calling
`Booster.save_model` from that version first, then load it back in current version. See:

    https://xgboost.readthedocs.io/en/stable/tutorials/saving_model.html

for more details about differences between saving model and serializing.

  setstate(state)
/usr/lib/python3.12/pickle.py:1710: UserWarning: [00:00:13] WARNING: /workspace/src/collective/../data/../common/error_msg.h:83: If you are loading a serialized model (like pickle in Python, RDS in R) or
configuration generated by an older version of XGBoost, please export the model by calling
`Booster.save_model` from that version first, then load it back in current version. See:

    https://xgboost.readthedocs.io/en/stable/tutorials/saving_model.html

for more details about differences between saving model and serializing.

  setstate(state)
/usr/lib/python3.12/pickle.py:1710: UserWarning: [04:00:07] WARNING: /workspace/src/collective/../data/../common/error_msg.h:83: If you are loading a serialized model (like pickle in Python, RDS in R) or
configuration generated by an older version of XGBoost, please export the model by calling
`Booster.save_model` from that version first, then load it back in current version. See:

    https://xgboost.readthedocs.io/en/stable/tutorials/saving_model.html

for more details about differences between saving model and serializing.

  setstate(state)
/usr/lib/python3.12/pickle.py:1710: UserWarning: [08:00:09] WARNING: /workspace/src/collective/../data/../common/error_msg.h:83: If you are loading a serialized model (like pickle in Python, RDS in R) or
configuration generated by an older version of XGBoost, please export the model by calling
`Booster.save_model` from that version first, then load it back in current version. See:

    https://xgboost.readthedocs.io/en/stable/tutorials/saving_model.html

for more details about differences between saving model and serializing.

  setstate(state)
/usr/lib/python3.12/pickle.py:1710: UserWarning: [12:00:08] WARNING: /workspace/src/collective/../data/../common/error_msg.h:83: If you are loading a serialized model (like pickle in Python, RDS in R) or
configuration generated by an older version of XGBoost, please export the model by calling
`Booster.save_model` from that version first, then load it back in current version. See:

    https://xgboost.readthedocs.io/en/stable/tutorials/saving_model.html

for more details about differences between saving model and serializing.

  setstate(state)
/usr/lib/python3.12/pickle.py:1710: UserWarning: [16:00:07] WARNING: /workspace/src/collective/../data/../common/error_msg.h:83: If you are loading a serialized model (like pickle in Python, RDS in R) or
configuration generated by an older version of XGBoost, please export the model by calling
`Booster.save_model` from that version first, then load it back in current version. See:

    https://xgboost.readthedocs.io/en/stable/tutorials/saving_model.html

for more details about differences between saving model and serializing.

  setstate(state)
ERROR: APIError(code=-1013): Filter failure: NOTIONAL | run_duration_seconds: 5.377
/usr/lib/python3.12/pickle.py:1710: UserWarning: [20:00:06] WARNING: /workspace/src/collective/../data/../common/error_msg.h:83: If you are loading a serialized model (like pickle in Python, RDS in R) or
configuration generated by an older version of XGBoost, please export the model by calling
`Booster.save_model` from that version first, then load it back in current version. See:

    https://xgboost.readthedocs.io/en/stable/tutorials/saving_model.html

for more details about differences between saving model and serializing.

  setstate(state)
/usr/lib/python3.12/pickle.py:1710: UserWarning: [00:00:15] WARNING: /workspace/src/collective/../data/../common/error_msg.h:83: If you are loading a serialized model (like pickle in Python, RDS in R) or
configuration generated by an older version of XGBoost, please export the model by calling
`Booster.save_model` from that version first, then load it back in current version. See:

    https://xgboost.readthedocs.io/en/stable/tutorials/saving_model.html

for more details about differences between saving model and serializing.

  setstate(state)
ERROR: APIError(code=-1013): Filter failure: NOTIONAL | run_duration_seconds: 8.519
/usr/lib/python3.12/pickle.py:1710: UserWarning: [04:00:08] WARNING: /workspace/src/collective/../data/../common/error_msg.h:83: If you are loading a serialized model (like pickle in Python, RDS in R) or
configuration generated by an older version of XGBoost, please export the model by calling
`Booster.save_model` from that version first, then load it back in current version. See:

    https://xgboost.readthedocs.io/en/stable/tutorials/saving_model.html

for more details about differences between saving model and serializing.

  setstate(state)
/usr/lib/python3.12/pickle.py:1710: UserWarning: [08:00:08] WARNING: /workspace/src/collective/../data/../common/error_msg.h:83: If you are loading a serialized model (like pickle in Python, RDS in R) or
configuration generated by an older version of XGBoost, please export the model by calling
`Booster.save_model` from that version first, then load it back in current version. See:

    https://xgboost.readthedocs.io/en/stable/tutorials/saving_model.html

for more details about differences between saving model and serializing.

  setstate(state)
/usr/lib/python3.12/pickle.py:1710: UserWarning: [12:00:06] WARNING: /workspace/src/collective/../data/../common/error_msg.h:83: If you are loading a serialized model (like pickle in Python, RDS in R) or
configuration generated by an older version of XGBoost, please export the model by calling
`Booster.save_model` from that version first, then load it back in current version. See:

    https://xgboost.readthedocs.io/en/stable/tutorials/saving_model.html

for more details about differences between saving model and serializing.

  setstate(state)
/usr/lib/python3.12/pickle.py:1710: UserWarning: [16:00:07] WARNING: /workspace/src/collective/../data/../common/error_msg.h:83: If you are loading a serialized model (like pickle in Python, RDS in R) or
configuration generated by an older version of XGBoost, please export the model by calling
`Booster.save_model` from that version first, then load it back in current version. See:

    https://xgboost.readthedocs.io/en/stable/tutorials/saving_model.html

for more details about differences between saving model and serializing.

  setstate(state)
/usr/lib/python3.12/pickle.py:1710: UserWarning: [20:00:06] WARNING: /workspace/src/collective/../data/../common/error_msg.h:83: If you are loading a serialized model (like pickle in Python, RDS in R) or
configuration generated by an older version of XGBoost, please export the model by calling
`Booster.save_model` from that version first, then load it back in current version. See:

    https://xgboost.readthedocs.io/en/stable/tutorials/saving_model.html

for more details about differences between saving model and serializing.

  setstate(state)
/usr/lib/python3.12/pickle.py:1710: UserWarning: [00:00:15] WARNING: /workspace/src/collective/../data/../common/error_msg.h:83: If you are loading a serialized model (like pickle in Python, RDS in R) or
configuration generated by an older version of XGBoost, please export the model by calling
`Booster.save_model` from that version first, then load it back in current version. See:

    https://xgboost.readthedocs.io/en/stable/tutorials/saving_model.html

for more details about differences between saving model and serializing.

  setstate(state)
/usr/lib/python3.12/pickle.py:1710: UserWarning: [04:00:06] WARNING: /workspace/src/collective/../data/../common/error_msg.h:83: If you are loading a serialized model (like pickle in Python, RDS in R) or
configuration generated by an older version of XGBoost, please export the model by calling
`Booster.save_model` from that version first, then load it back in current version. See:

    https://xgboost.readthedocs.io/en/stable/tutorials/saving_model.html

for more details about differences between saving model and serializing.

  setstate(state)
ERROR: APIError(code=-1013): Filter failure: NOTIONAL | run_duration_seconds: 4.544
/usr/lib/python3.12/pickle.py:1710: UserWarning: [08:00:09] WARNING: /workspace/src/collective/../data/../common/error_msg.h:83: If you are loading a serialized model (like pickle in Python, RDS in R) or
configuration generated by an older version of XGBoost, please export the model by calling
`Booster.save_model` from that version first, then load it back in current version. See:

    https://xgboost.readthedocs.io/en/stable/tutorials/saving_model.html

for more details about differences between saving model and serializing.

  setstate(state)
ERROR: APIError(code=-1013): Filter failure: NOTIONAL | run_duration_seconds: 7.065
/usr/lib/python3.12/pickle.py:1710: UserWarning: [12:00:07] WARNING: /workspace/src/collective/../data/../common/error_msg.h:83: If you are loading a serialized model (like pickle in Python, RDS in R) or
configuration generated by an older version of XGBoost, please export the model by calling
`Booster.save_model` from that version first, then load it back in current version. See:

    https://xgboost.readthedocs.io/en/stable/tutorials/saving_model.html

for more details about differences between saving model and serializing.

  setstate(state)
ERROR: APIError(code=-1013): Filter failure: NOTIONAL | run_duration_seconds: 5.794
/usr/lib/python3.12/pickle.py:1710: UserWarning: [16:00:07] WARNING: /workspace/src/collective/../data/../common/error_msg.h:83: If you are loading a serialized model (like pickle in Python, RDS in R) or
configuration generated by an older version of XGBoost, please export the model by calling
`Booster.save_model` from that version first, then load it back in current version. See:

    https://xgboost.readthedocs.io/en/stable/tutorials/saving_model.html

for more details about differences between saving model and serializing.

  setstate(state)
/usr/lib/python3.12/pickle.py:1710: UserWarning: [20:00:06] WARNING: /workspace/src/collective/../data/../common/error_msg.h:83: If you are loading a serialized model (like pickle in Python, RDS in R) or
configuration generated by an older version of XGBoost, please export the model by calling
`Booster.save_model` from that version first, then load it back in current version. See:

    https://xgboost.readthedocs.io/en/stable/tutorials/saving_model.html

for more details about differences between saving model and serializing.

  setstate(state)
/usr/lib/python3.12/pickle.py:1710: UserWarning: [00:00:07] WARNING: /workspace/src/collective/../data/../common/error_msg.h:83: If you are loading a serialized model (like pickle in Python, RDS in R) or
configuration generated by an older version of XGBoost, please export the model by calling
`Booster.save_model` from that version first, then load it back in current version. See:

    https://xgboost.readthedocs.io/en/stable/tutorials/saving_model.html

for more details about differences between saving model and serializing.

  setstate(state)
/usr/lib/python3.12/pickle.py:1710: UserWarning: [04:00:07] WARNING: /workspace/src/collective/../data/../common/error_msg.h:83: If you are loading a serialized model (like pickle in Python, RDS in R) or
configuration generated by an older version of XGBoost, please export the model by calling
`Booster.save_model` from that version first, then load it back in current version. See:

    https://xgboost.readthedocs.io/en/stable/tutorials/saving_model.html

for more details about differences between saving model and serializing.

  setstate(state)
/usr/lib/python3.12/pickle.py:1710: UserWarning: [08:00:08] WARNING: /workspace/src/collective/../data/../common/error_msg.h:83: If you are loading a serialized model (like pickle in Python, RDS in R) or
configuration generated by an older version of XGBoost, please export the model by calling
`Booster.save_model` from that version first, then load it back in current version. See:

    https://xgboost.readthedocs.io/en/stable/tutorials/saving_model.html

for more details about differences between saving model and serializing.

  setstate(state)
/usr/lib/python3.12/pickle.py:1710: UserWarning: [12:00:08] WARNING: /workspace/src/collective/../data/../common/error_msg.h:83: If you are loading a serialized model (like pickle in Python, RDS in R) or
configuration generated by an older version of XGBoost, please export the model by calling
`Booster.save_model` from that version first, then load it back in current version. See:

    https://xgboost.readthedocs.io/en/stable/tutorials/saving_model.html

for more details about differences between saving model and serializing.

  setstate(state)
/usr/lib/python3.12/pickle.py:1710: UserWarning: [16:00:09] WARNING: /workspace/src/collective/../data/../common/error_msg.h:83: If you are loading a serialized model (like pickle in Python, RDS in R) or
configuration generated by an older version of XGBoost, please export the model by calling
`Booster.save_model` from that version first, then load it back in current version. See:

    https://xgboost.readthedocs.io/en/stable/tutorials/saving_model.html

for more details about differences between saving model and serializing.

  setstate(state)
/usr/lib/python3.12/pickle.py:1710: UserWarning: [20:00:09] WARNING: /workspace/src/collective/../data/../common/error_msg.h:83: If you are loading a serialized model (like pickle in Python, RDS in R) or
configuration generated by an older version of XGBoost, please export the model by calling
`Booster.save_model` from that version first, then load it back in current version. See:

    https://xgboost.readthedocs.io/en/stable/tutorials/saving_model.html

for more details about differences between saving model and serializing.

  setstate(state)
/usr/lib/python3.12/pickle.py:1710: UserWarning: [00:00:13] WARNING: /workspace/src/collective/../data/../common/error_msg.h:83: If you are loading a serialized model (like pickle in Python, RDS in R) or
configuration generated by an older version of XGBoost, please export the model by calling
`Booster.save_model` from that version first, then load it back in current version. See:

    https://xgboost.readthedocs.io/en/stable/tutorials/saving_model.html

for more details about differences between saving model and serializing.

  setstate(state)
/usr/lib/python3.12/pickle.py:1710: UserWarning: [04:00:08] WARNING: /workspace/src/collective/../data/../common/error_msg.h:83: If you are loading a serialized model (like pickle in Python, RDS in R) or
configuration generated by an older version of XGBoost, please export the model by calling
`Booster.save_model` from that version first, then load it back in current version. See:

    https://xgboost.readthedocs.io/en/stable/tutorials/saving_model.html

for more details about differences between saving model and serializing.

  setstate(state)
/usr/lib/python3.12/pickle.py:1710: UserWarning: [08:00:07] WARNING: /workspace/src/collective/../data/../common/error_msg.h:83: If you are loading a serialized model (like pickle in Python, RDS in R) or
configuration generated by an older version of XGBoost, please export the model by calling
`Booster.save_model` from that version first, then load it back in current version. See:

    https://xgboost.readthedocs.io/en/stable/tutorials/saving_model.html

for more details about differences between saving model and serializing.

  setstate(state)
ERROR: APIError(code=-1013): Filter failure: NOTIONAL | run_duration_seconds: 5.173
/usr/lib/python3.12/pickle.py:1710: UserWarning: [12:00:07] WARNING: /workspace/src/collective/../data/../common/error_msg.h:83: If you are loading a serialized model (like pickle in Python, RDS in R) or
configuration generated by an older version of XGBoost, please export the model by calling
`Booster.save_model` from that version first, then load it back in current version. See:

    https://xgboost.readthedocs.io/en/stable/tutorials/saving_model.html

for more details about differences between saving model and serializing.

  setstate(state)
/usr/lib/python3.12/pickle.py:1710: UserWarning: [16:00:08] WARNING: /workspace/src/collective/../data/../common/error_msg.h:83: If you are loading a serialized model (like pickle in Python, RDS in R) or
configuration generated by an older version of XGBoost, please export the model by calling
`Booster.save_model` from that version first, then load it back in current version. See:

    https://xgboost.readthedocs.io/en/stable/tutorials/saving_model.html

for more details about differences between saving model and serializing.

  setstate(state)
ERROR: APIError(code=-1013): Filter failure: NOTIONAL | run_duration_seconds: 4.337
/usr/lib/python3.12/pickle.py:1710: UserWarning: [20:00:05] WARNING: /workspace/src/collective/../data/../common/error_msg.h:83: If you are loading a serialized model (like pickle in Python, RDS in R) or
configuration generated by an older version of XGBoost, please export the model by calling
`Booster.save_model` from that version first, then load it back in current version. See:

    https://xgboost.readthedocs.io/en/stable/tutorials/saving_model.html

for more details about differences between saving model and serializing.

  setstate(state)
ERROR: APIError(code=-1013): Filter failure: NOTIONAL | run_duration_seconds: 4.892
/usr/lib/python3.12/pickle.py:1710: UserWarning: [00:00:12] WARNING: /workspace/src/collective/../data/../common/error_msg.h:83: If you are loading a serialized model (like pickle in Python, RDS in R) or
configuration generated by an older version of XGBoost, please export the model by calling
`Booster.save_model` from that version first, then load it back in current version. See:

    https://xgboost.readthedocs.io/en/stable/tutorials/saving_model.html

for more details about differences between saving model and serializing.

  setstate(state)
ERROR: APIError(code=-1013): Filter failure: NOTIONAL | run_duration_seconds: 8.379
/usr/lib/python3.12/pickle.py:1710: UserWarning: [04:00:07] WARNING: /workspace/src/collective/../data/../common/error_msg.h:83: If you are loading a serialized model (like pickle in Python, RDS in R) or
configuration generated by an older version of XGBoost, please export the model by calling
`Booster.save_model` from that version first, then load it back in current version. See:

    https://xgboost.readthedocs.io/en/stable/tutorials/saving_model.html

for more details about differences between saving model and serializing.

  setstate(state)
ERROR: APIError(code=-1013): Filter failure: NOTIONAL | run_duration_seconds: 5.303
/usr/lib/python3.12/pickle.py:1710: UserWarning: [08:00:09] WARNING: /workspace/src/collective/../data/../common/error_msg.h:83: If you are loading a serialized model (like pickle in Python, RDS in R) or
configuration generated by an older version of XGBoost, please export the model by calling
`Booster.save_model` from that version first, then load it back in current version. See:

    https://xgboost.readthedocs.io/en/stable/tutorials/saving_model.html

for more details about differences between saving model and serializing.

  setstate(state)
ERROR: APIError(code=-1013): Filter failure: NOTIONAL | run_duration_seconds: 4.956
/usr/lib/python3.12/pickle.py:1710: UserWarning: [12:00:08] WARNING: /workspace/src/collective/../data/../common/error_msg.h:83: If you are loading a serialized model (like pickle in Python, RDS in R) or
configuration generated by an older version of XGBoost, please export the model by calling
`Booster.save_model` from that version first, then load it back in current version. See:

    https://xgboost.readthedocs.io/en/stable/tutorials/saving_model.html

for more details about differences between saving model and serializing.

  setstate(state)
ERROR: APIError(code=-1013): Filter failure: NOTIONAL | run_duration_seconds: 6.105
/usr/lib/python3.12/pickle.py:1710: UserWarning: [16:00:08] WARNING: /workspace/src/collective/../data/../common/error_msg.h:83: If you are loading a serialized model (like pickle in Python, RDS in R) or
configuration generated by an older version of XGBoost, please export the model by calling
`Booster.save_model` from that version first, then load it back in current version. See:

    https://xgboost.readthedocs.io/en/stable/tutorials/saving_model.html

for more details about differences between saving model and serializing.

  setstate(state)
ERROR: APIError(code=-1013): Filter failure: NOTIONAL | run_duration_seconds: 6.077
/usr/lib/python3.12/pickle.py:1710: UserWarning: [20:00:07] WARNING: /workspace/src/collective/../data/../common/error_msg.h:83: If you are loading a serialized model (like pickle in Python, RDS in R) or
configuration generated by an older version of XGBoost, please export the model by calling
`Booster.save_model` from that version first, then load it back in current version. See:

    https://xgboost.readthedocs.io/en/stable/tutorials/saving_model.html

for more details about differences between saving model and serializing.

  setstate(state)
ERROR: APIError(code=-1013): Filter failure: NOTIONAL | run_duration_seconds: 5.676
/usr/lib/python3.12/pickle.py:1710: UserWarning: [00:00:12] WARNING: /workspace/src/collective/../data/../common/error_msg.h:83: If you are loading a serialized model (like pickle in Python, RDS in R) or
configuration generated by an older version of XGBoost, please export the model by calling
`Booster.save_model` from that version first, then load it back in current version. See:

    https://xgboost.readthedocs.io/en/stable/tutorials/saving_model.html

for more details about differences between saving model and serializing.

  setstate(state)
/usr/lib/python3.12/pickle.py:1710: UserWarning: [04:00:07] WARNING: /workspace/src/collective/../data/../common/error_msg.h:83: If you are loading a serialized model (like pickle in Python, RDS in R) or
configuration generated by an older version of XGBoost, please export the model by calling
`Booster.save_model` from that version first, then load it back in current version. See:

    https://xgboost.readthedocs.io/en/stable/tutorials/saving_model.html

for more details about differences between saving model and serializing.

  setstate(state)
ERROR: APIError(code=-1013): Filter failure: NOTIONAL | run_duration_seconds: 5.068
/usr/lib/python3.12/pickle.py:1710: UserWarning: [08:00:09] WARNING: /workspace/src/collective/../data/../common/error_msg.h:83: If you are loading a serialized model (like pickle in Python, RDS in R) or
configuration generated by an older version of XGBoost, please export the model by calling
`Booster.save_model` from that version first, then load it back in current version. See:

    https://xgboost.readthedocs.io/en/stable/tutorials/saving_model.html

for more details about differences between saving model and serializing.

  setstate(state)
ERROR: APIError(code=-1013): Filter failure: NOTIONAL | run_duration_seconds: 5.584
/usr/lib/python3.12/pickle.py:1710: UserWarning: [12:00:08] WARNING: /workspace/src/collective/../data/../common/error_msg.h:83: If you are loading a serialized model (like pickle in Python, RDS in R) or
configuration generated by an older version of XGBoost, please export the model by calling
`Booster.save_model` from that version first, then load it back in current version. See:

    https://xgboost.readthedocs.io/en/stable/tutorials/saving_model.html

for more details about differences between saving model and serializing.

  setstate(state)
/usr/lib/python3.12/pickle.py:1710: UserWarning: [16:00:09] WARNING: /workspace/src/collective/../data/../common/error_msg.h:83: If you are loading a serialized model (like pickle in Python, RDS in R) or
configuration generated by an older version of XGBoost, please export the model by calling
`Booster.save_model` from that version first, then load it back in current version. See:

    https://xgboost.readthedocs.io/en/stable/tutorials/saving_model.html

for more details about differences between saving model and serializing.

  setstate(state)
/usr/lib/python3.12/pickle.py:1710: UserWarning: [20:00:07] WARNING: /workspace/src/collective/../data/../common/error_msg.h:83: If you are loading a serialized model (like pickle in Python, RDS in R) or
configuration generated by an older version of XGBoost, please export the model by calling
`Booster.save_model` from that version first, then load it back in current version. See:

    https://xgboost.readthedocs.io/en/stable/tutorials/saving_model.html

for more details about differences between saving model and serializing.

  setstate(state)
/usr/lib/python3.12/pickle.py:1710: UserWarning: [00:00:14] WARNING: /workspace/src/collective/../data/../common/error_msg.h:83: If you are loading a serialized model (like pickle in Python, RDS in R) or
configuration generated by an older version of XGBoost, please export the model by calling
`Booster.save_model` from that version first, then load it back in current version. See:

    https://xgboost.readthedocs.io/en/stable/tutorials/saving_model.html

for more details about differences between saving model and serializing.

  setstate(state)
/usr/lib/python3.12/pickle.py:1710: UserWarning: [04:00:07] WARNING: /workspace/src/collective/../data/../common/error_msg.h:83: If you are loading a serialized model (like pickle in Python, RDS in R) or
configuration generated by an older version of XGBoost, please export the model by calling
`Booster.save_model` from that version first, then load it back in current version. See:

    https://xgboost.readthedocs.io/en/stable/tutorials/saving_model.html

for more details about differences between saving model and serializing.

  setstate(state)
/usr/lib/python3.12/pickle.py:1710: UserWarning: [08:00:08] WARNING: /workspace/src/collective/../data/../common/error_msg.h:83: If you are loading a serialized model (like pickle in Python, RDS in R) or
configuration generated by an older version of XGBoost, please export the model by calling
`Booster.save_model` from that version first, then load it back in current version. See:

    https://xgboost.readthedocs.io/en/stable/tutorials/saving_model.html

for more details about differences between saving model and serializing.

  setstate(state)
/usr/lib/python3.12/pickle.py:1710: UserWarning: [12:00:09] WARNING: /workspace/src/collective/../data/../common/error_msg.h:83: If you are loading a serialized model (like pickle in Python, RDS in R) or
configuration generated by an older version of XGBoost, please export the model by calling
`Booster.save_model` from that version first, then load it back in current version. See:

    https://xgboost.readthedocs.io/en/stable/tutorials/saving_model.html

for more details about differences between saving model and serializing.

  setstate(state)
/usr/lib/python3.12/pickle.py:1710: UserWarning: [16:00:08] WARNING: /workspace/src/collective/../data/../common/error_msg.h:83: If you are loading a serialized model (like pickle in Python, RDS in R) or
configuration generated by an older version of XGBoost, please export the model by calling
`Booster.save_model` from that version first, then load it back in current version. See:

    https://xgboost.readthedocs.io/en/stable/tutorials/saving_model.html

for more details about differences between saving model and serializing.

  setstate(state)
ERROR: APIError(code=-1013): Filter failure: NOTIONAL | run_duration_seconds: 6.513
/usr/lib/python3.12/pickle.py:1710: UserWarning: [20:00:08] WARNING: /workspace/src/collective/../data/../common/error_msg.h:83: If you are loading a serialized model (like pickle in Python, RDS in R) or
configuration generated by an older version of XGBoost, please export the model by calling
`Booster.save_model` from that version first, then load it back in current version. See:

    https://xgboost.readthedocs.io/en/stable/tutorials/saving_model.html

for more details about differences between saving model and serializing.

  setstate(state)
ERROR: APIError(code=-1013): Filter failure: NOTIONAL | run_duration_seconds: 8.088
/usr/lib/python3.12/pickle.py:1710: UserWarning: [00:00:15] WARNING: /workspace/src/collective/../data/../common/error_msg.h:83: If you are loading a serialized model (like pickle in Python, RDS in R) or
configuration generated by an older version of XGBoost, please export the model by calling
`Booster.save_model` from that version first, then load it back in current version. See:

    https://xgboost.readthedocs.io/en/stable/tutorials/saving_model.html

for more details about differences between saving model and serializing.

  setstate(state)
ERROR: APIError(code=-1013): Filter failure: NOTIONAL | run_duration_seconds: 11.569
/usr/lib/python3.12/pickle.py:1710: UserWarning: [04:00:08] WARNING: /workspace/src/collective/../data/../common/error_msg.h:83: If you are loading a serialized model (like pickle in Python, RDS in R) or
configuration generated by an older version of XGBoost, please export the model by calling
`Booster.save_model` from that version first, then load it back in current version. See:

    https://xgboost.readthedocs.io/en/stable/tutorials/saving_model.html

for more details about differences between saving model and serializing.

  setstate(state)
ERROR: APIError(code=-1013): Filter failure: NOTIONAL | run_duration_seconds: 6.37
/usr/lib/python3.12/pickle.py:1710: UserWarning: [08:00:08] WARNING: /workspace/src/collective/../data/../common/error_msg.h:83: If you are loading a serialized model (like pickle in Python, RDS in R) or
configuration generated by an older version of XGBoost, please export the model by calling
`Booster.save_model` from that version first, then load it back in current version. See:

    https://xgboost.readthedocs.io/en/stable/tutorials/saving_model.html

for more details about differences between saving model and serializing.

  setstate(state)
ERROR: APIError(code=-1013): Filter failure: NOTIONAL | run_duration_seconds: 5.924
/usr/lib/python3.12/pickle.py:1710: UserWarning: [12:00:06] WARNING: /workspace/src/collective/../data/../common/error_msg.h:83: If you are loading a serialized model (like pickle in Python, RDS in R) or
configuration generated by an older version of XGBoost, please export the model by calling
`Booster.save_model` from that version first, then load it back in current version. See:

    https://xgboost.readthedocs.io/en/stable/tutorials/saving_model.html

for more details about differences between saving model and serializing.

  setstate(state)
/usr/lib/python3.12/pickle.py:1710: UserWarning: [16:00:08] WARNING: /workspace/src/collective/../data/../common/error_msg.h:83: If you are loading a serialized model (like pickle in Python, RDS in R) or
configuration generated by an older version of XGBoost, please export the model by calling
`Booster.save_model` from that version first, then load it back in current version. See:

    https://xgboost.readthedocs.io/en/stable/tutorials/saving_model.html

for more details about differences between saving model and serializing.

  setstate(state)
ERROR: APIError(code=-1013): Filter failure: NOTIONAL | run_duration_seconds: 4.431
/usr/lib/python3.12/pickle.py:1710: UserWarning: [20:00:08] WARNING: /workspace/src/collective/../data/../common/error_msg.h:83: If you are loading a serialized model (like pickle in Python, RDS in R) or
configuration generated by an older version of XGBoost, please export the model by calling
`Booster.save_model` from that version first, then load it back in current version. See:

    https://xgboost.readthedocs.io/en/stable/tutorials/saving_model.html

for more details about differences between saving model and serializing.

  setstate(state)
/usr/lib/python3.12/pickle.py:1710: UserWarning: [00:00:11] WARNING: /workspace/src/collective/../data/../common/error_msg.h:83: If you are loading a serialized model (like pickle in Python, RDS in R) or
configuration generated by an older version of XGBoost, please export the model by calling
`Booster.save_model` from that version first, then load it back in current version. See:

    https://xgboost.readthedocs.io/en/stable/tutorials/saving_model.html

for more details about differences between saving model and serializing.

  setstate(state)
ERROR: APIError(code=-1013): Filter failure: NOTIONAL | run_duration_seconds: 6.366
/usr/lib/python3.12/pickle.py:1710: UserWarning: [04:00:07] WARNING: /workspace/src/collective/../data/../common/error_msg.h:83: If you are loading a serialized model (like pickle in Python, RDS in R) or
configuration generated by an older version of XGBoost, please export the model by calling
`Booster.save_model` from that version first, then load it back in current version. See:

    https://xgboost.readthedocs.io/en/stable/tutorials/saving_model.html

for more details about differences between saving model and serializing.

  setstate(state)
/usr/lib/python3.12/pickle.py:1710: UserWarning: [08:00:07] WARNING: /workspace/src/collective/../data/../common/error_msg.h:83: If you are loading a serialized model (like pickle in Python, RDS in R) or
configuration generated by an older version of XGBoost, please export the model by calling
`Booster.save_model` from that version first, then load it back in current version. See:

    https://xgboost.readthedocs.io/en/stable/tutorials/saving_model.html

for more details about differences between saving model and serializing.

  setstate(state)
ERROR: APIError(code=-1013): Filter failure: NOTIONAL | run_duration_seconds: 4.943
/usr/lib/python3.12/pickle.py:1710: UserWarning: [12:00:08] WARNING: /workspace/src/collective/../data/../common/error_msg.h:83: If you are loading a serialized model (like pickle in Python, RDS in R) or
configuration generated by an older version of XGBoost, please export the model by calling
`Booster.save_model` from that version first, then load it back in current version. See:

    https://xgboost.readthedocs.io/en/stable/tutorials/saving_model.html

for more details about differences between saving model and serializing.

  setstate(state)
/usr/lib/python3.12/pickle.py:1710: UserWarning: [16:00:09] WARNING: /workspace/src/collective/../data/../common/error_msg.h:83: If you are loading a serialized model (like pickle in Python, RDS in R) or
configuration generated by an older version of XGBoost, please export the model by calling
`Booster.save_model` from that version first, then load it back in current version. See:

    https://xgboost.readthedocs.io/en/stable/tutorials/saving_model.html

for more details about differences between saving model and serializing.

  setstate(state)
/usr/lib/python3.12/pickle.py:1710: UserWarning: [20:00:05] WARNING: /workspace/src/collective/../data/../common/error_msg.h:83: If you are loading a serialized model (like pickle in Python, RDS in R) or
configuration generated by an older version of XGBoost, please export the model by calling
`Booster.save_model` from that version first, then load it back in current version. See:

    https://xgboost.readthedocs.io/en/stable/tutorials/saving_model.html

for more details about differences between saving model and serializing.

  setstate(state)
/usr/lib/python3.12/pickle.py:1710: UserWarning: [00:00:11] WARNING: /workspace/src/collective/../data/../common/error_msg.h:83: If you are loading a serialized model (like pickle in Python, RDS in R) or
configuration generated by an older version of XGBoost, please export the model by calling
`Booster.save_model` from that version first, then load it back in current version. See:

    https://xgboost.readthedocs.io/en/stable/tutorials/saving_model.html

for more details about differences between saving model and serializing.

  setstate(state)
/usr/lib/python3.12/pickle.py:1710: UserWarning: [04:00:06] WARNING: /workspace/src/collective/../data/../common/error_msg.h:83: If you are loading a serialized model (like pickle in Python, RDS in R) or
configuration generated by an older version of XGBoost, please export the model by calling
`Booster.save_model` from that version first, then load it back in current version. See:

    https://xgboost.readthedocs.io/en/stable/tutorials/saving_model.html

for more details about differences between saving model and serializing.

  setstate(state)
/usr/lib/python3.12/pickle.py:1710: UserWarning: [08:00:09] WARNING: /workspace/src/collective/../data/../common/error_msg.h:83: If you are loading a serialized model (like pickle in Python, RDS in R) or
configuration generated by an older version of XGBoost, please export the model by calling
`Booster.save_model` from that version first, then load it back in current version. See:

    https://xgboost.readthedocs.io/en/stable/tutorials/saving_model.html

for more details about differences between saving model and serializing.

  setstate(state)
/usr/lib/python3.12/pickle.py:1710: UserWarning: [12:00:08] WARNING: /workspace/src/collective/../data/../common/error_msg.h:83: If you are loading a serialized model (like pickle in Python, RDS in R) or
configuration generated by an older version of XGBoost, please export the model by calling
`Booster.save_model` from that version first, then load it back in current version. See:

    https://xgboost.readthedocs.io/en/stable/tutorials/saving_model.html

for more details about differences between saving model and serializing.

  setstate(state)
/usr/lib/python3.12/pickle.py:1710: UserWarning: [16:00:07] WARNING: /workspace/src/collective/../data/../common/error_msg.h:83: If you are loading a serialized model (like pickle in Python, RDS in R) or
configuration generated by an older version of XGBoost, please export the model by calling
`Booster.save_model` from that version first, then load it back in current version. See:

    https://xgboost.readthedocs.io/en/stable/tutorials/saving_model.html

for more details about differences between saving model and serializing.

  setstate(state)
/usr/lib/python3.12/pickle.py:1710: UserWarning: [20:00:06] WARNING: /workspace/src/collective/../data/../common/error_msg.h:83: If you are loading a serialized model (like pickle in Python, RDS in R) or
configuration generated by an older version of XGBoost, please export the model by calling
`Booster.save_model` from that version first, then load it back in current version. See:

    https://xgboost.readthedocs.io/en/stable/tutorials/saving_model.html

for more details about differences between saving model and serializing.

  setstate(state)
/usr/lib/python3.12/pickle.py:1710: UserWarning: [00:00:13] WARNING: /workspace/src/collective/../data/../common/error_msg.h:83: If you are loading a serialized model (like pickle in Python, RDS in R) or
configuration generated by an older version of XGBoost, please export the model by calling
`Booster.save_model` from that version first, then load it back in current version. See:

    https://xgboost.readthedocs.io/en/stable/tutorials/saving_model.html

for more details about differences between saving model and serializing.

  setstate(state)
/usr/lib/python3.12/pickle.py:1710: UserWarning: [04:00:08] WARNING: /workspace/src/collective/../data/../common/error_msg.h:83: If you are loading a serialized model (like pickle in Python, RDS in R) or
configuration generated by an older version of XGBoost, please export the model by calling
`Booster.save_model` from that version first, then load it back in current version. See:

    https://xgboost.readthedocs.io/en/stable/tutorials/saving_model.html

for more details about differences between saving model and serializing.

  setstate(state)
/usr/lib/python3.12/pickle.py:1710: UserWarning: [08:00:09] WARNING: /workspace/src/collective/../data/../common/error_msg.h:83: If you are loading a serialized model (like pickle in Python, RDS in R) or
configuration generated by an older version of XGBoost, please export the model by calling
`Booster.save_model` from that version first, then load it back in current version. See:

    https://xgboost.readthedocs.io/en/stable/tutorials/saving_model.html

for more details about differences between saving model and serializing.

  setstate(state)
/usr/lib/python3.12/pickle.py:1710: UserWarning: [12:00:09] WARNING: /workspace/src/collective/../data/../common/error_msg.h:83: If you are loading a serialized model (like pickle in Python, RDS in R) or
configuration generated by an older version of XGBoost, please export the model by calling
`Booster.save_model` from that version first, then load it back in current version. See:

    https://xgboost.readthedocs.io/en/stable/tutorials/saving_model.html

for more details about differences between saving model and serializing.

  setstate(state)
/usr/lib/python3.12/pickle.py:1710: UserWarning: [16:00:08] WARNING: /workspace/src/collective/../data/../common/error_msg.h:83: If you are loading a serialized model (like pickle in Python, RDS in R) or
configuration generated by an older version of XGBoost, please export the model by calling
`Booster.save_model` from that version first, then load it back in current version. See:

    https://xgboost.readthedocs.io/en/stable/tutorials/saving_model.html

for more details about differences between saving model and serializing.

  setstate(state)
/usr/lib/python3.12/pickle.py:1710: UserWarning: [20:00:08] WARNING: /workspace/src/collective/../data/../common/error_msg.h:83: If you are loading a serialized model (like pickle in Python, RDS in R) or
configuration generated by an older version of XGBoost, please export the model by calling
`Booster.save_model` from that version first, then load it back in current version. See:

    https://xgboost.readthedocs.io/en/stable/tutorials/saving_model.html

for more details about differences between saving model and serializing.

  setstate(state)
/usr/lib/python3.12/pickle.py:1710: UserWarning: [00:00:13] WARNING: /workspace/src/collective/../data/../common/error_msg.h:83: If you are loading a serialized model (like pickle in Python, RDS in R) or
configuration generated by an older version of XGBoost, please export the model by calling
`Booster.save_model` from that version first, then load it back in current version. See:

    https://xgboost.readthedocs.io/en/stable/tutorials/saving_model.html

for more details about differences between saving model and serializing.

  setstate(state)
/usr/lib/python3.12/pickle.py:1710: UserWarning: [04:00:09] WARNING: /workspace/src/collective/../data/../common/error_msg.h:83: If you are loading a serialized model (like pickle in Python, RDS in R) or
configuration generated by an older version of XGBoost, please export the model by calling
`Booster.save_model` from that version first, then load it back in current version. See:

    https://xgboost.readthedocs.io/en/stable/tutorials/saving_model.html

for more details about differences between saving model and serializing.

  setstate(state)
ERROR: APIError(code=-1013): Filter failure: NOTIONAL | run_duration_seconds: 6.4
/usr/lib/python3.12/pickle.py:1710: UserWarning: [08:00:08] WARNING: /workspace/src/collective/../data/../common/error_msg.h:83: If you are loading a serialized model (like pickle in Python, RDS in R) or
configuration generated by an older version of XGBoost, please export the model by calling
`Booster.save_model` from that version first, then load it back in current version. See:

    https://xgboost.readthedocs.io/en/stable/tutorials/saving_model.html

for more details about differences between saving model and serializing.

  setstate(state)
/usr/lib/python3.12/pickle.py:1710: UserWarning: [12:00:08] WARNING: /workspace/src/collective/../data/../common/error_msg.h:83: If you are loading a serialized model (like pickle in Python, RDS in R) or
configuration generated by an older version of XGBoost, please export the model by calling
`Booster.save_model` from that version first, then load it back in current version. See:

    https://xgboost.readthedocs.io/en/stable/tutorials/saving_model.html

for more details about differences between saving model and serializing.

  setstate(state)
ERROR: APIError(code=-1013): Filter failure: NOTIONAL | run_duration_seconds: 4.987
/usr/lib/python3.12/pickle.py:1710: UserWarning: [16:00:08] WARNING: /workspace/src/collective/../data/../common/error_msg.h:83: If you are loading a serialized model (like pickle in Python, RDS in R) or
configuration generated by an older version of XGBoost, please export the model by calling
`Booster.save_model` from that version first, then load it back in current version. See:

    https://xgboost.readthedocs.io/en/stable/tutorials/saving_model.html

for more details about differences between saving model and serializing.

  setstate(state)
/usr/lib/python3.12/pickle.py:1710: UserWarning: [20:00:06] WARNING: /workspace/src/collective/../data/../common/error_msg.h:83: If you are loading a serialized model (like pickle in Python, RDS in R) or
configuration generated by an older version of XGBoost, please export the model by calling
`Booster.save_model` from that version first, then load it back in current version. See:

    https://xgboost.readthedocs.io/en/stable/tutorials/saving_model.html

for more details about differences between saving model and serializing.

  setstate(state)
ERROR: APIError(code=-1013): Filter failure: NOTIONAL | run_duration_seconds: 4.543
/usr/lib/python3.12/pickle.py:1710: UserWarning: [00:00:14] WARNING: /workspace/src/collective/../data/../common/error_msg.h:83: If you are loading a serialized model (like pickle in Python, RDS in R) or
configuration generated by an older version of XGBoost, please export the model by calling
`Booster.save_model` from that version first, then load it back in current version. See:

    https://xgboost.readthedocs.io/en/stable/tutorials/saving_model.html

for more details about differences between saving model and serializing.

  setstate(state)
ERROR: APIError(code=-1013): Filter failure: NOTIONAL | run_duration_seconds: 6.398
/usr/lib/python3.12/pickle.py:1710: UserWarning: [04:00:07] WARNING: /workspace/src/collective/../data/../common/error_msg.h:83: If you are loading a serialized model (like pickle in Python, RDS in R) or
configuration generated by an older version of XGBoost, please export the model by calling
`Booster.save_model` from that version first, then load it back in current version. See:

    https://xgboost.readthedocs.io/en/stable/tutorials/saving_model.html

for more details about differences between saving model and serializing.

  setstate(state)
ERROR: APIError(code=-1013): Filter failure: NOTIONAL | run_duration_seconds: 5.424
/usr/lib/python3.12/pickle.py:1710: UserWarning: [08:00:06] WARNING: /workspace/src/collective/../data/../common/error_msg.h:83: If you are loading a serialized model (like pickle in Python, RDS in R) or
configuration generated by an older version of XGBoost, please export the model by calling
`Booster.save_model` from that version first, then load it back in current version. See:

    https://xgboost.readthedocs.io/en/stable/tutorials/saving_model.html

for more details about differences between saving model and serializing.

  setstate(state)
ERROR: APIError(code=-1013): Filter failure: NOTIONAL | run_duration_seconds: 5.34
/usr/lib/python3.12/pickle.py:1710: UserWarning: [12:00:08] WARNING: /workspace/src/collective/../data/../common/error_msg.h:83: If you are loading a serialized model (like pickle in Python, RDS in R) or
configuration generated by an older version of XGBoost, please export the model by calling
`Booster.save_model` from that version first, then load it back in current version. See:

    https://xgboost.readthedocs.io/en/stable/tutorials/saving_model.html

for more details about differences between saving model and serializing.

  setstate(state)
ERROR: APIError(code=-1013): Filter failure: NOTIONAL | run_duration_seconds: 6.015
/usr/lib/python3.12/pickle.py:1710: UserWarning: [16:00:07] WARNING: /workspace/src/collective/../data/../common/error_msg.h:83: If you are loading a serialized model (like pickle in Python, RDS in R) or
configuration generated by an older version of XGBoost, please export the model by calling
`Booster.save_model` from that version first, then load it back in current version. See:

    https://xgboost.readthedocs.io/en/stable/tutorials/saving_model.html

for more details about differences between saving model and serializing.

  setstate(state)
/usr/lib/python3.12/pickle.py:1710: UserWarning: [20:00:07] WARNING: /workspace/src/collective/../data/../common/error_msg.h:83: If you are loading a serialized model (like pickle in Python, RDS in R) or
configuration generated by an older version of XGBoost, please export the model by calling
`Booster.save_model` from that version first, then load it back in current version. See:

    https://xgboost.readthedocs.io/en/stable/tutorials/saving_model.html

for more details about differences between saving model and serializing.

  setstate(state)
/usr/lib/python3.12/pickle.py:1710: UserWarning: [00:00:14] WARNING: /workspace/src/collective/../data/../common/error_msg.h:83: If you are loading a serialized model (like pickle in Python, RDS in R) or
configuration generated by an older version of XGBoost, please export the model by calling
`Booster.save_model` from that version first, then load it back in current version. See:

    https://xgboost.readthedocs.io/en/stable/tutorials/saving_model.html

for more details about differences between saving model and serializing.

  setstate(state)
/usr/lib/python3.12/pickle.py:1710: UserWarning: [04:00:07] WARNING: /workspace/src/collective/../data/../common/error_msg.h:83: If you are loading a serialized model (like pickle in Python, RDS in R) or
configuration generated by an older version of XGBoost, please export the model by calling
`Booster.save_model` from that version first, then load it back in current version. See:

    https://xgboost.readthedocs.io/en/stable/tutorials/saving_model.html

for more details about differences between saving model and serializing.

  setstate(state)
ERROR: APIError(code=-1013): Filter failure: NOTIONAL | run_duration_seconds: 4.795
/usr/lib/python3.12/pickle.py:1710: UserWarning: [08:00:08] WARNING: /workspace/src/collective/../data/../common/error_msg.h:83: If you are loading a serialized model (like pickle in Python, RDS in R) or
configuration generated by an older version of XGBoost, please export the model by calling
`Booster.save_model` from that version first, then load it back in current version. See:

    https://xgboost.readthedocs.io/en/stable/tutorials/saving_model.html

for more details about differences between saving model and serializing.

  setstate(state)
ERROR: APIError(code=-1013): Filter failure: NOTIONAL | run_duration_seconds: 5.148
/usr/lib/python3.12/pickle.py:1710: UserWarning: [12:00:08] WARNING: /workspace/src/collective/../data/../common/error_msg.h:83: If you are loading a serialized model (like pickle in Python, RDS in R) or
configuration generated by an older version of XGBoost, please export the model by calling
`Booster.save_model` from that version first, then load it back in current version. See:

    https://xgboost.readthedocs.io/en/stable/tutorials/saving_model.html

for more details about differences between saving model and serializing.

  setstate(state)
ERROR: APIError(code=-1013): Filter failure: NOTIONAL | run_duration_seconds: 6.645
/usr/lib/python3.12/pickle.py:1710: UserWarning: [16:00:07] WARNING: /workspace/src/collective/../data/../common/error_msg.h:83: If you are loading a serialized model (like pickle in Python, RDS in R) or
configuration generated by an older version of XGBoost, please export the model by calling
`Booster.save_model` from that version first, then load it back in current version. See:

    https://xgboost.readthedocs.io/en/stable/tutorials/saving_model.html

for more details about differences between saving model and serializing.

  setstate(state)
ERROR: APIError(code=-1013): Filter failure: NOTIONAL | run_duration_seconds: 5.253
/usr/lib/python3.12/pickle.py:1710: UserWarning: [20:00:06] WARNING: /workspace/src/collective/../data/../common/error_msg.h:83: If you are loading a serialized model (like pickle in Python, RDS in R) or
configuration generated by an older version of XGBoost, please export the model by calling
`Booster.save_model` from that version first, then load it back in current version. See:

    https://xgboost.readthedocs.io/en/stable/tutorials/saving_model.html

for more details about differences between saving model and serializing.

  setstate(state)
ERROR: APIError(code=-1013): Filter failure: NOTIONAL | run_duration_seconds: 5.539
/usr/lib/python3.12/pickle.py:1710: UserWarning: [00:00:14] WARNING: /workspace/src/collective/../data/../common/error_msg.h:83: If you are loading a serialized model (like pickle in Python, RDS in R) or
configuration generated by an older version of XGBoost, please export the model by calling
`Booster.save_model` from that version first, then load it back in current version. See:

    https://xgboost.readthedocs.io/en/stable/tutorials/saving_model.html

for more details about differences between saving model and serializing.

  setstate(state)
/usr/lib/python3.12/pickle.py:1710: UserWarning: [04:00:08] WARNING: /workspace/src/collective/../data/../common/error_msg.h:83: If you are loading a serialized model (like pickle in Python, RDS in R) or
configuration generated by an older version of XGBoost, please export the model by calling
`Booster.save_model` from that version first, then load it back in current version. See:

    https://xgboost.readthedocs.io/en/stable/tutorials/saving_model.html

for more details about differences between saving model and serializing.

  setstate(state)
/usr/lib/python3.12/pickle.py:1710: UserWarning: [08:00:08] WARNING: /workspace/src/collective/../data/../common/error_msg.h:83: If you are loading a serialized model (like pickle in Python, RDS in R) or
configuration generated by an older version of XGBoost, please export the model by calling
`Booster.save_model` from that version first, then load it back in current version. See:

    https://xgboost.readthedocs.io/en/stable/tutorials/saving_model.html

for more details about differences between saving model and serializing.

  setstate(state)
/usr/lib/python3.12/pickle.py:1710: UserWarning: [12:00:09] WARNING: /workspace/src/collective/../data/../common/error_msg.h:83: If you are loading a serialized model (like pickle in Python, RDS in R) or
configuration generated by an older version of XGBoost, please export the model by calling
`Booster.save_model` from that version first, then load it back in current version. See:

    https://xgboost.readthedocs.io/en/stable/tutorials/saving_model.html

for more details about differences between saving model and serializing.

  setstate(state)
/usr/lib/python3.12/pickle.py:1710: UserWarning: [16:00:07] WARNING: /workspace/src/collective/../data/../common/error_msg.h:83: If you are loading a serialized model (like pickle in Python, RDS in R) or
configuration generated by an older version of XGBoost, please export the model by calling
`Booster.save_model` from that version first, then load it back in current version. See:

    https://xgboost.readthedocs.io/en/stable/tutorials/saving_model.html

for more details about differences between saving model and serializing.

  setstate(state)
ERROR: APIError(code=-1013): Filter failure: NOTIONAL | run_duration_seconds: 5.636
/usr/lib/python3.12/pickle.py:1710: UserWarning: [20:00:07] WARNING: /workspace/src/collective/../data/../common/error_msg.h:83: If you are loading a serialized model (like pickle in Python, RDS in R) or
configuration generated by an older version of XGBoost, please export the model by calling
`Booster.save_model` from that version first, then load it back in current version. See:

    https://xgboost.readthedocs.io/en/stable/tutorials/saving_model.html

for more details about differences between saving model and serializing.

  setstate(state)
ERROR: APIError(code=-1013): Filter failure: NOTIONAL | run_duration_seconds: 4.433
/usr/lib/python3.12/pickle.py:1710: UserWarning: [00:00:08] WARNING: /workspace/src/collective/../data/../common/error_msg.h:83: If you are loading a serialized model (like pickle in Python, RDS in R) or
configuration generated by an older version of XGBoost, please export the model by calling
`Booster.save_model` from that version first, then load it back in current version. See:

    https://xgboost.readthedocs.io/en/stable/tutorials/saving_model.html

for more details about differences between saving model and serializing.

  setstate(state)
/usr/lib/python3.12/pickle.py:1710: UserWarning: [04:00:06] WARNING: /workspace/src/collective/../data/../common/error_msg.h:83: If you are loading a serialized model (like pickle in Python, RDS in R) or
configuration generated by an older version of XGBoost, please export the model by calling
`Booster.save_model` from that version first, then load it back in current version. See:

    https://xgboost.readthedocs.io/en/stable/tutorials/saving_model.html

for more details about differences between saving model and serializing.

  setstate(state)
/usr/lib/python3.12/pickle.py:1710: UserWarning: [08:00:08] WARNING: /workspace/src/collective/../data/../common/error_msg.h:83: If you are loading a serialized model (like pickle in Python, RDS in R) or
configuration generated by an older version of XGBoost, please export the model by calling
`Booster.save_model` from that version first, then load it back in current version. See:

    https://xgboost.readthedocs.io/en/stable/tutorials/saving_model.html

for more details about differences between saving model and serializing.

  setstate(state)
/usr/lib/python3.12/pickle.py:1710: UserWarning: [12:00:09] WARNING: /workspace/src/collective/../data/../common/error_msg.h:83: If you are loading a serialized model (like pickle in Python, RDS in R) or
configuration generated by an older version of XGBoost, please export the model by calling
`Booster.save_model` from that version first, then load it back in current version. See:

    https://xgboost.readthedocs.io/en/stable/tutorials/saving_model.html

for more details about differences between saving model and serializing.

  setstate(state)
/usr/lib/python3.12/pickle.py:1710: UserWarning: [16:00:09] WARNING: /workspace/src/collective/../data/../common/error_msg.h:83: If you are loading a serialized model (like pickle in Python, RDS in R) or
configuration generated by an older version of XGBoost, please export the model by calling
`Booster.save_model` from that version first, then load it back in current version. See:

    https://xgboost.readthedocs.io/en/stable/tutorials/saving_model.html

for more details about differences between saving model and serializing.

  setstate(state)
/usr/lib/python3.12/pickle.py:1710: UserWarning: [20:00:06] WARNING: /workspace/src/collective/../data/../common/error_msg.h:83: If you are loading a serialized model (like pickle in Python, RDS in R) or
configuration generated by an older version of XGBoost, please export the model by calling
`Booster.save_model` from that version first, then load it back in current version. See:

    https://xgboost.readthedocs.io/en/stable/tutorials/saving_model.html

for more details about differences between saving model and serializing.

  setstate(state)
ERROR: APIError(code=-1013): Filter failure: NOTIONAL | run_duration_seconds: 5.91
/usr/lib/python3.12/pickle.py:1710: UserWarning: [00:00:16] WARNING: /workspace/src/collective/../data/../common/error_msg.h:83: If you are loading a serialized model (like pickle in Python, RDS in R) or
configuration generated by an older version of XGBoost, please export the model by calling
`Booster.save_model` from that version first, then load it back in current version. See:

    https://xgboost.readthedocs.io/en/stable/tutorials/saving_model.html

for more details about differences between saving model and serializing.

  setstate(state)
ERROR: APIError(code=-1013): Filter failure: NOTIONAL | run_duration_seconds: 8.806
/usr/lib/python3.12/pickle.py:1710: UserWarning: [04:00:08] WARNING: /workspace/src/collective/../data/../common/error_msg.h:83: If you are loading a serialized model (like pickle in Python, RDS in R) or
configuration generated by an older version of XGBoost, please export the model by calling
`Booster.save_model` from that version first, then load it back in current version. See:

    https://xgboost.readthedocs.io/en/stable/tutorials/saving_model.html

for more details about differences between saving model and serializing.

  setstate(state)
ERROR: APIError(code=-1013): Filter failure: NOTIONAL | run_duration_seconds: 5.804
/usr/lib/python3.12/pickle.py:1710: UserWarning: [08:00:11] WARNING: /workspace/src/collective/../data/../common/error_msg.h:83: If you are loading a serialized model (like pickle in Python, RDS in R) or
configuration generated by an older version of XGBoost, please export the model by calling
`Booster.save_model` from that version first, then load it back in current version. See:

    https://xgboost.readthedocs.io/en/stable/tutorials/saving_model.html

for more details about differences between saving model and serializing.

  setstate(state)
ERROR: APIError(code=-1013): Filter failure: NOTIONAL | run_duration_seconds: 5.703
/usr/lib/python3.12/pickle.py:1710: UserWarning: [12:00:10] WARNING: /workspace/src/collective/../data/../common/error_msg.h:83: If you are loading a serialized model (like pickle in Python, RDS in R) or
configuration generated by an older version of XGBoost, please export the model by calling
`Booster.save_model` from that version first, then load it back in current version. See:

    https://xgboost.readthedocs.io/en/stable/tutorials/saving_model.html

for more details about differences between saving model and serializing.

  setstate(state)
ERROR: APIError(code=-1013): Filter failure: NOTIONAL | run_duration_seconds: 5.796
/usr/lib/python3.12/pickle.py:1710: UserWarning: [16:00:08] WARNING: /workspace/src/collective/../data/../common/error_msg.h:83: If you are loading a serialized model (like pickle in Python, RDS in R) or
configuration generated by an older version of XGBoost, please export the model by calling
`Booster.save_model` from that version first, then load it back in current version. See:

    https://xgboost.readthedocs.io/en/stable/tutorials/saving_model.html

for more details about differences between saving model and serializing.

  setstate(state)
/usr/lib/python3.12/pickle.py:1710: UserWarning: [20:00:08] WARNING: /workspace/src/collective/../data/../common/error_msg.h:83: If you are loading a serialized model (like pickle in Python, RDS in R) or
configuration generated by an older version of XGBoost, please export the model by calling
`Booster.save_model` from that version first, then load it back in current version. See:

    https://xgboost.readthedocs.io/en/stable/tutorials/saving_model.html

for more details about differences between saving model and serializing.

  setstate(state)
/usr/lib/python3.12/pickle.py:1710: UserWarning: [00:00:13] WARNING: /workspace/src/collective/../data/../common/error_msg.h:83: If you are loading a serialized model (like pickle in Python, RDS in R) or
configuration generated by an older version of XGBoost, please export the model by calling
`Booster.save_model` from that version first, then load it back in current version. See:

    https://xgboost.readthedocs.io/en/stable/tutorials/saving_model.html

for more details about differences between saving model and serializing.

  setstate(state)
ERROR: APIError(code=-1013): Filter failure: NOTIONAL | run_duration_seconds: 6.342
/usr/lib/python3.12/pickle.py:1710: UserWarning: [04:00:07] WARNING: /workspace/src/collective/../data/../common/error_msg.h:83: If you are loading a serialized model (like pickle in Python, RDS in R) or
configuration generated by an older version of XGBoost, please export the model by calling
`Booster.save_model` from that version first, then load it back in current version. See:

    https://xgboost.readthedocs.io/en/stable/tutorials/saving_model.html

for more details about differences between saving model and serializing.

  setstate(state)
ERROR: APIError(code=-1013): Filter failure: NOTIONAL | run_duration_seconds: 4.894
/usr/lib/python3.12/pickle.py:1710: UserWarning: [08:00:10] WARNING: /workspace/src/collective/../data/../common/error_msg.h:83: If you are loading a serialized model (like pickle in Python, RDS in R) or
configuration generated by an older version of XGBoost, please export the model by calling
`Booster.save_model` from that version first, then load it back in current version. See:

    https://xgboost.readthedocs.io/en/stable/tutorials/saving_model.html

for more details about differences between saving model and serializing.

  setstate(state)
ERROR: APIError(code=-1013): Filter failure: NOTIONAL | run_duration_seconds: 5.412
/usr/lib/python3.12/pickle.py:1710: UserWarning: [12:00:08] WARNING: /workspace/src/collective/../data/../common/error_msg.h:83: If you are loading a serialized model (like pickle in Python, RDS in R) or
configuration generated by an older version of XGBoost, please export the model by calling
`Booster.save_model` from that version first, then load it back in current version. See:

    https://xgboost.readthedocs.io/en/stable/tutorials/saving_model.html

for more details about differences between saving model and serializing.

  setstate(state)
ERROR: APIError(code=-1013): Filter failure: NOTIONAL | run_duration_seconds: 6.99
/usr/lib/python3.12/pickle.py:1710: UserWarning: [16:00:08] WARNING: /workspace/src/collective/../data/../common/error_msg.h:83: If you are loading a serialized model (like pickle in Python, RDS in R) or
configuration generated by an older version of XGBoost, please export the model by calling
`Booster.save_model` from that version first, then load it back in current version. See:

    https://xgboost.readthedocs.io/en/stable/tutorials/saving_model.html

for more details about differences between saving model and serializing.

  setstate(state)
/usr/lib/python3.12/pickle.py:1710: UserWarning: [20:00:07] WARNING: /workspace/src/collective/../data/../common/error_msg.h:83: If you are loading a serialized model (like pickle in Python, RDS in R) or
configuration generated by an older version of XGBoost, please export the model by calling
`Booster.save_model` from that version first, then load it back in current version. See:

    https://xgboost.readthedocs.io/en/stable/tutorials/saving_model.html

for more details about differences between saving model and serializing.

  setstate(state)
ERROR: APIError(code=-1013): Filter failure: NOTIONAL | run_duration_seconds: 5.01
/usr/lib/python3.12/pickle.py:1710: UserWarning: [00:00:20] WARNING: /workspace/src/collective/../data/../common/error_msg.h:83: If you are loading a serialized model (like pickle in Python, RDS in R) or
configuration generated by an older version of XGBoost, please export the model by calling
`Booster.save_model` from that version first, then load it back in current version. See:

    https://xgboost.readthedocs.io/en/stable/tutorials/saving_model.html

for more details about differences between saving model and serializing.

  setstate(state)
ERROR: APIError(code=-1013): Filter failure: NOTIONAL | run_duration_seconds: 11.891
/usr/lib/python3.12/pickle.py:1710: UserWarning: [04:00:08] WARNING: /workspace/src/collective/../data/../common/error_msg.h:83: If you are loading a serialized model (like pickle in Python, RDS in R) or
configuration generated by an older version of XGBoost, please export the model by calling
`Booster.save_model` from that version first, then load it back in current version. See:

    https://xgboost.readthedocs.io/en/stable/tutorials/saving_model.html

for more details about differences between saving model and serializing.

  setstate(state)
ERROR: APIError(code=-1013): Filter failure: NOTIONAL | run_duration_seconds: 5.949
/usr/lib/python3.12/pickle.py:1710: UserWarning: [08:00:11] WARNING: /workspace/src/collective/../data/../common/error_msg.h:83: If you are loading a serialized model (like pickle in Python, RDS in R) or
configuration generated by an older version of XGBoost, please export the model by calling
`Booster.save_model` from that version first, then load it back in current version. See:

    https://xgboost.readthedocs.io/en/stable/tutorials/saving_model.html

for more details about differences between saving model and serializing.

  setstate(state)
ERROR: APIError(code=-1013): Filter failure: NOTIONAL | run_duration_seconds: 6.354
/usr/lib/python3.12/pickle.py:1710: UserWarning: [12:00:08] WARNING: /workspace/src/collective/../data/../common/error_msg.h:83: If you are loading a serialized model (like pickle in Python, RDS in R) or
configuration generated by an older version of XGBoost, please export the model by calling
`Booster.save_model` from that version first, then load it back in current version. See:

    https://xgboost.readthedocs.io/en/stable/tutorials/saving_model.html

for more details about differences between saving model and serializing.

  setstate(state)
ERROR: APIError(code=-1013): Filter failure: NOTIONAL | run_duration_seconds: 6.497
/usr/lib/python3.12/pickle.py:1710: UserWarning: [16:00:09] WARNING: /workspace/src/collective/../data/../common/error_msg.h:83: If you are loading a serialized model (like pickle in Python, RDS in R) or
configuration generated by an older version of XGBoost, please export the model by calling
`Booster.save_model` from that version first, then load it back in current version. See:

    https://xgboost.readthedocs.io/en/stable/tutorials/saving_model.html

for more details about differences between saving model and serializing.

  setstate(state)
/usr/lib/python3.12/pickle.py:1710: UserWarning: [20:00:09] WARNING: /workspace/src/collective/../data/../common/error_msg.h:83: If you are loading a serialized model (like pickle in Python, RDS in R) or
configuration generated by an older version of XGBoost, please export the model by calling
`Booster.save_model` from that version first, then load it back in current version. See:

    https://xgboost.readthedocs.io/en/stable/tutorials/saving_model.html

for more details about differences between saving model and serializing.

  setstate(state)
/usr/lib/python3.12/pickle.py:1710: UserWarning: [00:00:14] WARNING: /workspace/src/collective/../data/../common/error_msg.h:83: If you are loading a serialized model (like pickle in Python, RDS in R) or
configuration generated by an older version of XGBoost, please export the model by calling
`Booster.save_model` from that version first, then load it back in current version. See:

    https://xgboost.readthedocs.io/en/stable/tutorials/saving_model.html

for more details about differences between saving model and serializing.

  setstate(state)
/usr/lib/python3.12/pickle.py:1710: UserWarning: [04:00:08] WARNING: /workspace/src/collective/../data/../common/error_msg.h:83: If you are loading a serialized model (like pickle in Python, RDS in R) or
configuration generated by an older version of XGBoost, please export the model by calling
`Booster.save_model` from that version first, then load it back in current version. See:

    https://xgboost.readthedocs.io/en/stable/tutorials/saving_model.html

for more details about differences between saving model and serializing.

  setstate(state)
/usr/lib/python3.12/pickle.py:1710: UserWarning: [08:00:09] WARNING: /workspace/src/collective/../data/../common/error_msg.h:83: If you are loading a serialized model (like pickle in Python, RDS in R) or
configuration generated by an older version of XGBoost, please export the model by calling
`Booster.save_model` from that version first, then load it back in current version. See:

    https://xgboost.readthedocs.io/en/stable/tutorials/saving_model.html

for more details about differences between saving model and serializing.

  setstate(state)
/usr/lib/python3.12/pickle.py:1710: UserWarning: [12:00:08] WARNING: /workspace/src/collective/../data/../common/error_msg.h:83: If you are loading a serialized model (like pickle in Python, RDS in R) or
configuration generated by an older version of XGBoost, please export the model by calling
`Booster.save_model` from that version first, then load it back in current version. See:

    https://xgboost.readthedocs.io/en/stable/tutorials/saving_model.html

for more details about differences between saving model and serializing.

  setstate(state)
/usr/lib/python3.12/pickle.py:1710: UserWarning: [16:00:09] WARNING: /workspace/src/collective/../data/../common/error_msg.h:83: If you are loading a serialized model (like pickle in Python, RDS in R) or
configuration generated by an older version of XGBoost, please export the model by calling
`Booster.save_model` from that version first, then load it back in current version. See:

    https://xgboost.readthedocs.io/en/stable/tutorials/saving_model.html

for more details about differences between saving model and serializing.

  setstate(state)
/usr/lib/python3.12/pickle.py:1710: UserWarning: [20:00:07] WARNING: /workspace/src/collective/../data/../common/error_msg.h:83: If you are loading a serialized model (like pickle in Python, RDS in R) or
configuration generated by an older version of XGBoost, please export the model by calling
`Booster.save_model` from that version first, then load it back in current version. See:

    https://xgboost.readthedocs.io/en/stable/tutorials/saving_model.html

for more details about differences between saving model and serializing.

  setstate(state)
/usr/lib/python3.12/pickle.py:1710: UserWarning: [00:00:14] WARNING: /workspace/src/collective/../data/../common/error_msg.h:83: If you are loading a serialized model (like pickle in Python, RDS in R) or
configuration generated by an older version of XGBoost, please export the model by calling
`Booster.save_model` from that version first, then load it back in current version. See:

    https://xgboost.readthedocs.io/en/stable/tutorials/saving_model.html

for more details about differences between saving model and serializing.

  setstate(state)
ERROR: APIError(code=-1013): Filter failure: NOTIONAL | run_duration_seconds: 6.631
/usr/lib/python3.12/pickle.py:1710: UserWarning: [04:00:07] WARNING: /workspace/src/collective/../data/../common/error_msg.h:83: If you are loading a serialized model (like pickle in Python, RDS in R) or
configuration generated by an older version of XGBoost, please export the model by calling
`Booster.save_model` from that version first, then load it back in current version. See:

    https://xgboost.readthedocs.io/en/stable/tutorials/saving_model.html

for more details about differences between saving model and serializing.

  setstate(state)
ERROR: APIError(code=-1013): Filter failure: NOTIONAL | run_duration_seconds: 5.315
/usr/lib/python3.12/pickle.py:1710: UserWarning: [08:00:08] WARNING: /workspace/src/collective/../data/../common/error_msg.h:83: If you are loading a serialized model (like pickle in Python, RDS in R) or
configuration generated by an older version of XGBoost, please export the model by calling
`Booster.save_model` from that version first, then load it back in current version. See:

    https://xgboost.readthedocs.io/en/stable/tutorials/saving_model.html

for more details about differences between saving model and serializing.

  setstate(state)
ERROR: APIError(code=-1013): Filter failure: NOTIONAL | run_duration_seconds: 6.401
/usr/lib/python3.12/pickle.py:1710: UserWarning: [12:00:09] WARNING: /workspace/src/collective/../data/../common/error_msg.h:83: If you are loading a serialized model (like pickle in Python, RDS in R) or
configuration generated by an older version of XGBoost, please export the model by calling
`Booster.save_model` from that version first, then load it back in current version. See:

    https://xgboost.readthedocs.io/en/stable/tutorials/saving_model.html

for more details about differences between saving model and serializing.

  setstate(state)
ERROR: APIError(code=-1013): Filter failure: NOTIONAL | run_duration_seconds: 5.888
/usr/lib/python3.12/pickle.py:1710: UserWarning: [16:00:08] WARNING: /workspace/src/collective/../data/../common/error_msg.h:83: If you are loading a serialized model (like pickle in Python, RDS in R) or
configuration generated by an older version of XGBoost, please export the model by calling
`Booster.save_model` from that version first, then load it back in current version. See:

    https://xgboost.readthedocs.io/en/stable/tutorials/saving_model.html

for more details about differences between saving model and serializing.

  setstate(state)
/usr/lib/python3.12/pickle.py:1710: UserWarning: [20:00:07] WARNING: /workspace/src/collective/../data/../common/error_msg.h:83: If you are loading a serialized model (like pickle in Python, RDS in R) or
configuration generated by an older version of XGBoost, please export the model by calling
`Booster.save_model` from that version first, then load it back in current version. See:

    https://xgboost.readthedocs.io/en/stable/tutorials/saving_model.html

for more details about differences between saving model and serializing.

  setstate(state)
/usr/lib/python3.12/pickle.py:1710: UserWarning: [00:00:20] WARNING: /workspace/src/collective/../data/../common/error_msg.h:83: If you are loading a serialized model (like pickle in Python, RDS in R) or
configuration generated by an older version of XGBoost, please export the model by calling
`Booster.save_model` from that version first, then load it back in current version. See:

    https://xgboost.readthedocs.io/en/stable/tutorials/saving_model.html

for more details about differences between saving model and serializing.

  setstate(state)
ERROR: APIError(code=-1013): Filter failure: NOTIONAL | run_duration_seconds: 13.211
/usr/lib/python3.12/pickle.py:1710: UserWarning: [04:00:08] WARNING: /workspace/src/collective/../data/../common/error_msg.h:83: If you are loading a serialized model (like pickle in Python, RDS in R) or
configuration generated by an older version of XGBoost, please export the model by calling
`Booster.save_model` from that version first, then load it back in current version. See:

    https://xgboost.readthedocs.io/en/stable/tutorials/saving_model.html

for more details about differences between saving model and serializing.

  setstate(state)
/usr/lib/python3.12/pickle.py:1710: UserWarning: [08:00:08] WARNING: /workspace/src/collective/../data/../common/error_msg.h:83: If you are loading a serialized model (like pickle in Python, RDS in R) or
configuration generated by an older version of XGBoost, please export the model by calling
`Booster.save_model` from that version first, then load it back in current version. See:

    https://xgboost.readthedocs.io/en/stable/tutorials/saving_model.html

for more details about differences between saving model and serializing.

  setstate(state)
ERROR: APIError(code=-1013): Filter failure: NOTIONAL | run_duration_seconds: 5.914
/usr/lib/python3.12/pickle.py:1710: UserWarning: [12:00:07] WARNING: /workspace/src/collective/../data/../common/error_msg.h:83: If you are loading a serialized model (like pickle in Python, RDS in R) or
configuration generated by an older version of XGBoost, please export the model by calling
`Booster.save_model` from that version first, then load it back in current version. See:

    https://xgboost.readthedocs.io/en/stable/tutorials/saving_model.html

for more details about differences between saving model and serializing.

  setstate(state)
/usr/lib/python3.12/pickle.py:1710: UserWarning: [16:00:08] WARNING: /workspace/src/collective/../data/../common/error_msg.h:83: If you are loading a serialized model (like pickle in Python, RDS in R) or
configuration generated by an older version of XGBoost, please export the model by calling
`Booster.save_model` from that version first, then load it back in current version. See:

    https://xgboost.readthedocs.io/en/stable/tutorials/saving_model.html

for more details about differences between saving model and serializing.

  setstate(state)
ERROR: APIError(code=-1013): Filter failure: NOTIONAL | run_duration_seconds: 4.971
/usr/lib/python3.12/pickle.py:1710: UserWarning: [20:00:08] WARNING: /workspace/src/collective/../data/../common/error_msg.h:83: If you are loading a serialized model (like pickle in Python, RDS in R) or
configuration generated by an older version of XGBoost, please export the model by calling
`Booster.save_model` from that version first, then load it back in current version. See:

    https://xgboost.readthedocs.io/en/stable/tutorials/saving_model.html

for more details about differences between saving model and serializing.

  setstate(state)
ERROR: APIError(code=-1013): Filter failure: NOTIONAL | run_duration_seconds: 6.19
/usr/lib/python3.12/pickle.py:1710: UserWarning: [00:00:18] WARNING: /workspace/src/collective/../data/../common/error_msg.h:83: If you are loading a serialized model (like pickle in Python, RDS in R) or
configuration generated by an older version of XGBoost, please export the model by calling
`Booster.save_model` from that version first, then load it back in current version. See:

    https://xgboost.readthedocs.io/en/stable/tutorials/saving_model.html

for more details about differences between saving model and serializing.

  setstate(state)
/usr/lib/python3.12/pickle.py:1710: UserWarning: [04:00:07] WARNING: /workspace/src/collective/../data/../common/error_msg.h:83: If you are loading a serialized model (like pickle in Python, RDS in R) or
configuration generated by an older version of XGBoost, please export the model by calling
`Booster.save_model` from that version first, then load it back in current version. See:

    https://xgboost.readthedocs.io/en/stable/tutorials/saving_model.html

for more details about differences between saving model and serializing.

  setstate(state)
/usr/lib/python3.12/pickle.py:1710: UserWarning: [08:00:09] WARNING: /workspace/src/collective/../data/../common/error_msg.h:83: If you are loading a serialized model (like pickle in Python, RDS in R) or
configuration generated by an older version of XGBoost, please export the model by calling
`Booster.save_model` from that version first, then load it back in current version. See:

    https://xgboost.readthedocs.io/en/stable/tutorials/saving_model.html

for more details about differences between saving model and serializing.

  setstate(state)
ERROR: APIError(code=-1013): Filter failure: NOTIONAL | run_duration_seconds: 5.994
/usr/lib/python3.12/pickle.py:1710: UserWarning: [12:00:08] WARNING: /workspace/src/collective/../data/../common/error_msg.h:83: If you are loading a serialized model (like pickle in Python, RDS in R) or
configuration generated by an older version of XGBoost, please export the model by calling
`Booster.save_model` from that version first, then load it back in current version. See:

    https://xgboost.readthedocs.io/en/stable/tutorials/saving_model.html

for more details about differences between saving model and serializing.

  setstate(state)
ERROR: APIError(code=-1013): Filter failure: NOTIONAL | run_duration_seconds: 6.124
/usr/lib/python3.12/pickle.py:1710: UserWarning: [16:00:07] WARNING: /workspace/src/collective/../data/../common/error_msg.h:83: If you are loading a serialized model (like pickle in Python, RDS in R) or
configuration generated by an older version of XGBoost, please export the model by calling
`Booster.save_model` from that version first, then load it back in current version. See:

    https://xgboost.readthedocs.io/en/stable/tutorials/saving_model.html

for more details about differences between saving model and serializing.

  setstate(state)
ERROR: APIError(code=-1013): Filter failure: NOTIONAL | run_duration_seconds: 4.806
/usr/lib/python3.12/pickle.py:1710: UserWarning: [20:00:08] WARNING: /workspace/src/collective/../data/../common/error_msg.h:83: If you are loading a serialized model (like pickle in Python, RDS in R) or
configuration generated by an older version of XGBoost, please export the model by calling
`Booster.save_model` from that version first, then load it back in current version. See:

    https://xgboost.readthedocs.io/en/stable/tutorials/saving_model.html

for more details about differences between saving model and serializing.

  setstate(state)
/usr/lib/python3.12/pickle.py:1710: UserWarning: [00:00:13] WARNING: /workspace/src/collective/../data/../common/error_msg.h:83: If you are loading a serialized model (like pickle in Python, RDS in R) or
configuration generated by an older version of XGBoost, please export the model by calling
`Booster.save_model` from that version first, then load it back in current version. See:

    https://xgboost.readthedocs.io/en/stable/tutorials/saving_model.html

for more details about differences between saving model and serializing.

  setstate(state)
ERROR: APIError(code=-1013): Filter failure: NOTIONAL | run_duration_seconds: 10.449
/usr/lib/python3.12/pickle.py:1710: UserWarning: [04:00:08] WARNING: /workspace/src/collective/../data/../common/error_msg.h:83: If you are loading a serialized model (like pickle in Python, RDS in R) or
configuration generated by an older version of XGBoost, please export the model by calling
`Booster.save_model` from that version first, then load it back in current version. See:

    https://xgboost.readthedocs.io/en/stable/tutorials/saving_model.html

for more details about differences between saving model and serializing.

  setstate(state)
ERROR: APIError(code=-1013): Filter failure: NOTIONAL | run_duration_seconds: 5.115
/usr/lib/python3.12/pickle.py:1710: UserWarning: [08:00:13] WARNING: /workspace/src/collective/../data/../common/error_msg.h:83: If you are loading a serialized model (like pickle in Python, RDS in R) or
configuration generated by an older version of XGBoost, please export the model by calling
`Booster.save_model` from that version first, then load it back in current version. See:

    https://xgboost.readthedocs.io/en/stable/tutorials/saving_model.html

for more details about differences between saving model and serializing.

  setstate(state)
ERROR: APIError(code=-1013): Filter failure: NOTIONAL | run_duration_seconds: 9.116
/usr/lib/python3.12/pickle.py:1710: UserWarning: [12:00:09] WARNING: /workspace/src/collective/../data/../common/error_msg.h:83: If you are loading a serialized model (like pickle in Python, RDS in R) or
configuration generated by an older version of XGBoost, please export the model by calling
`Booster.save_model` from that version first, then load it back in current version. See:

    https://xgboost.readthedocs.io/en/stable/tutorials/saving_model.html

for more details about differences between saving model and serializing.

  setstate(state)
/usr/lib/python3.12/pickle.py:1710: UserWarning: [16:00:10] WARNING: /workspace/src/collective/../data/../common/error_msg.h:83: If you are loading a serialized model (like pickle in Python, RDS in R) or
configuration generated by an older version of XGBoost, please export the model by calling
`Booster.save_model` from that version first, then load it back in current version. See:

    https://xgboost.readthedocs.io/en/stable/tutorials/saving_model.html

for more details about differences between saving model and serializing.

  setstate(state)
/usr/lib/python3.12/pickle.py:1710: UserWarning: [20:00:08] WARNING: /workspace/src/collective/../data/../common/error_msg.h:83: If you are loading a serialized model (like pickle in Python, RDS in R) or
configuration generated by an older version of XGBoost, please export the model by calling
`Booster.save_model` from that version first, then load it back in current version. See:

    https://xgboost.readthedocs.io/en/stable/tutorials/saving_model.html

for more details about differences between saving model and serializing.

  setstate(state)
ERROR: APIError(code=-1013): Filter failure: NOTIONAL | run_duration_seconds: 5.279
/usr/lib/python3.12/pickle.py:1710: UserWarning: [00:00:17] WARNING: /workspace/src/collective/../data/../common/error_msg.h:83: If you are loading a serialized model (like pickle in Python, RDS in R) or
configuration generated by an older version of XGBoost, please export the model by calling
`Booster.save_model` from that version first, then load it back in current version. See:

    https://xgboost.readthedocs.io/en/stable/tutorials/saving_model.html

for more details about differences between saving model and serializing.

  setstate(state)
ERROR: APIError(code=-1013): Filter failure: NOTIONAL | run_duration_seconds: 7.83
/usr/lib/python3.12/pickle.py:1710: UserWarning: [04:00:09] WARNING: /workspace/src/collective/../data/../common/error_msg.h:83: If you are loading a serialized model (like pickle in Python, RDS in R) or
configuration generated by an older version of XGBoost, please export the model by calling
`Booster.save_model` from that version first, then load it back in current version. See:

    https://xgboost.readthedocs.io/en/stable/tutorials/saving_model.html

for more details about differences between saving model and serializing.

  setstate(state)
ERROR: APIError(code=-1013): Filter failure: NOTIONAL | run_duration_seconds: 6.178
/usr/lib/python3.12/pickle.py:1710: UserWarning: [08:00:13] WARNING: /workspace/src/collective/../data/../common/error_msg.h:83: If you are loading a serialized model (like pickle in Python, RDS in R) or
configuration generated by an older version of XGBoost, please export the model by calling
`Booster.save_model` from that version first, then load it back in current version. See:

    https://xgboost.readthedocs.io/en/stable/tutorials/saving_model.html

for more details about differences between saving model and serializing.

  setstate(state)
/usr/lib/python3.12/pickle.py:1710: UserWarning: [12:00:09] WARNING: /workspace/src/collective/../data/../common/error_msg.h:83: If you are loading a serialized model (like pickle in Python, RDS in R) or
configuration generated by an older version of XGBoost, please export the model by calling
`Booster.save_model` from that version first, then load it back in current version. See:

    https://xgboost.readthedocs.io/en/stable/tutorials/saving_model.html

for more details about differences between saving model and serializing.

  setstate(state)
ERROR: APIError(code=-1013): Filter failure: NOTIONAL | run_duration_seconds: 7.181
/usr/lib/python3.12/pickle.py:1710: UserWarning: [16:00:10] WARNING: /workspace/src/collective/../data/../common/error_msg.h:83: If you are loading a serialized model (like pickle in Python, RDS in R) or
configuration generated by an older version of XGBoost, please export the model by calling
`Booster.save_model` from that version first, then load it back in current version. See:

    https://xgboost.readthedocs.io/en/stable/tutorials/saving_model.html

for more details about differences between saving model and serializing.

  setstate(state)
/usr/lib/python3.12/pickle.py:1710: UserWarning: [20:00:07] WARNING: /workspace/src/collective/../data/../common/error_msg.h:83: If you are loading a serialized model (like pickle in Python, RDS in R) or
configuration generated by an older version of XGBoost, please export the model by calling
`Booster.save_model` from that version first, then load it back in current version. See:

    https://xgboost.readthedocs.io/en/stable/tutorials/saving_model.html

for more details about differences between saving model and serializing.

  setstate(state)
ERROR: APIError(code=-1013): Filter failure: NOTIONAL | run_duration_seconds: 5.432
/usr/lib/python3.12/pickle.py:1710: UserWarning: [00:00:21] WARNING: /workspace/src/collective/../data/../common/error_msg.h:83: If you are loading a serialized model (like pickle in Python, RDS in R) or
configuration generated by an older version of XGBoost, please export the model by calling
`Booster.save_model` from that version first, then load it back in current version. See:

    https://xgboost.readthedocs.io/en/stable/tutorials/saving_model.html

for more details about differences between saving model and serializing.

  setstate(state)
ERROR: APIError(code=-1013): Filter failure: NOTIONAL | run_duration_seconds: 12.006
/usr/lib/python3.12/pickle.py:1710: UserWarning: [04:00:08] WARNING: /workspace/src/collective/../data/../common/error_msg.h:83: If you are loading a serialized model (like pickle in Python, RDS in R) or
configuration generated by an older version of XGBoost, please export the model by calling
`Booster.save_model` from that version first, then load it back in current version. See:

    https://xgboost.readthedocs.io/en/stable/tutorials/saving_model.html

for more details about differences between saving model and serializing.

  setstate(state)
/usr/lib/python3.12/pickle.py:1710: UserWarning: [08:00:09] WARNING: /workspace/src/collective/../data/../common/error_msg.h:83: If you are loading a serialized model (like pickle in Python, RDS in R) or
configuration generated by an older version of XGBoost, please export the model by calling
`Booster.save_model` from that version first, then load it back in current version. See:

    https://xgboost.readthedocs.io/en/stable/tutorials/saving_model.html

for more details about differences between saving model and serializing.

  setstate(state)
/usr/lib/python3.12/pickle.py:1710: UserWarning: [12:00:10] WARNING: /workspace/src/collective/../data/../common/error_msg.h:83: If you are loading a serialized model (like pickle in Python, RDS in R) or
configuration generated by an older version of XGBoost, please export the model by calling
`Booster.save_model` from that version first, then load it back in current version. See:

    https://xgboost.readthedocs.io/en/stable/tutorials/saving_model.html

for more details about differences between saving model and serializing.

  setstate(state)
/usr/lib/python3.12/pickle.py:1710: UserWarning: [16:00:08] WARNING: /workspace/src/collective/../data/../common/error_msg.h:83: If you are loading a serialized model (like pickle in Python, RDS in R) or
configuration generated by an older version of XGBoost, please export the model by calling
`Booster.save_model` from that version first, then load it back in current version. See:

    https://xgboost.readthedocs.io/en/stable/tutorials/saving_model.html

for more details about differences between saving model and serializing.

  setstate(state)
/usr/lib/python3.12/pickle.py:1710: UserWarning: [20:00:08] WARNING: /workspace/src/collective/../data/../common/error_msg.h:83: If you are loading a serialized model (like pickle in Python, RDS in R) or
configuration generated by an older version of XGBoost, please export the model by calling
`Booster.save_model` from that version first, then load it back in current version. See:

    https://xgboost.readthedocs.io/en/stable/tutorials/saving_model.html

for more details about differences between saving model and serializing.

  setstate(state)
/usr/lib/python3.12/pickle.py:1710: UserWarning: [00:00:11] WARNING: /workspace/src/collective/../data/../common/error_msg.h:83: If you are loading a serialized model (like pickle in Python, RDS in R) or
configuration generated by an older version of XGBoost, please export the model by calling
`Booster.save_model` from that version first, then load it back in current version. See:

    https://xgboost.readthedocs.io/en/stable/tutorials/saving_model.html

for more details about differences between saving model and serializing.

  setstate(state)
ERROR: APIError(code=-1013): Filter failure: NOTIONAL | run_duration_seconds: 5.68
/usr/lib/python3.12/pickle.py:1710: UserWarning: [04:00:09] WARNING: /workspace/src/collective/../data/../common/error_msg.h:83: If you are loading a serialized model (like pickle in Python, RDS in R) or
configuration generated by an older version of XGBoost, please export the model by calling
`Booster.save_model` from that version first, then load it back in current version. See:

    https://xgboost.readthedocs.io/en/stable/tutorials/saving_model.html

for more details about differences between saving model and serializing.

  setstate(state)
/usr/lib/python3.12/pickle.py:1710: UserWarning: [08:00:09] WARNING: /workspace/src/collective/../data/../common/error_msg.h:83: If you are loading a serialized model (like pickle in Python, RDS in R) or
configuration generated by an older version of XGBoost, please export the model by calling
`Booster.save_model` from that version first, then load it back in current version. See:

    https://xgboost.readthedocs.io/en/stable/tutorials/saving_model.html

for more details about differences between saving model and serializing.

  setstate(state)
/usr/lib/python3.12/pickle.py:1710: UserWarning: [12:00:09] WARNING: /workspace/src/collective/../data/../common/error_msg.h:83: If you are loading a serialized model (like pickle in Python, RDS in R) or
configuration generated by an older version of XGBoost, please export the model by calling
`Booster.save_model` from that version first, then load it back in current version. See:

    https://xgboost.readthedocs.io/en/stable/tutorials/saving_model.html

for more details about differences between saving model and serializing.

  setstate(state)
/usr/lib/python3.12/pickle.py:1710: UserWarning: [16:00:07] WARNING: /workspace/src/collective/../data/../common/error_msg.h:83: If you are loading a serialized model (like pickle in Python, RDS in R) or
configuration generated by an older version of XGBoost, please export the model by calling
`Booster.save_model` from that version first, then load it back in current version. See:

    https://xgboost.readthedocs.io/en/stable/tutorials/saving_model.html

for more details about differences between saving model and serializing.

  setstate(state)
/usr/lib/python3.12/pickle.py:1710: UserWarning: [20:00:08] WARNING: /workspace/src/collective/../data/../common/error_msg.h:83: If you are loading a serialized model (like pickle in Python, RDS in R) or
configuration generated by an older version of XGBoost, please export the model by calling
`Booster.save_model` from that version first, then load it back in current version. See:

    https://xgboost.readthedocs.io/en/stable/tutorials/saving_model.html

for more details about differences between saving model and serializing.

  setstate(state)
ERROR: APIError(code=-1013): Filter failure: NOTIONAL | run_duration_seconds: 5.655
/usr/lib/python3.12/pickle.py:1710: UserWarning: [00:00:14] WARNING: /workspace/src/collective/../data/../common/error_msg.h:83: If you are loading a serialized model (like pickle in Python, RDS in R) or
configuration generated by an older version of XGBoost, please export the model by calling
`Booster.save_model` from that version first, then load it back in current version. See:

    https://xgboost.readthedocs.io/en/stable/tutorials/saving_model.html

for more details about differences between saving model and serializing.

  setstate(state)
ERROR: APIError(code=-1013): Filter failure: NOTIONAL | run_duration_seconds: 8.7
/usr/lib/python3.12/pickle.py:1710: UserWarning: [04:00:08] WARNING: /workspace/src/collective/../data/../common/error_msg.h:83: If you are loading a serialized model (like pickle in Python, RDS in R) or
configuration generated by an older version of XGBoost, please export the model by calling
`Booster.save_model` from that version first, then load it back in current version. See:

    https://xgboost.readthedocs.io/en/stable/tutorials/saving_model.html

for more details about differences between saving model and serializing.

  setstate(state)
ERROR: APIError(code=-1013): Filter failure: NOTIONAL | run_duration_seconds: 5.287
/usr/lib/python3.12/pickle.py:1710: UserWarning: [08:00:10] WARNING: /workspace/src/collective/../data/../common/error_msg.h:83: If you are loading a serialized model (like pickle in Python, RDS in R) or
configuration generated by an older version of XGBoost, please export the model by calling
`Booster.save_model` from that version first, then load it back in current version. See:

    https://xgboost.readthedocs.io/en/stable/tutorials/saving_model.html

for more details about differences between saving model and serializing.

  setstate(state)
ERROR: APIError(code=-1013): Filter failure: NOTIONAL | run_duration_seconds: 7.288
/usr/lib/python3.12/pickle.py:1710: UserWarning: [12:00:07] WARNING: /workspace/src/collective/../data/../common/error_msg.h:83: If you are loading a serialized model (like pickle in Python, RDS in R) or
configuration generated by an older version of XGBoost, please export the model by calling
`Booster.save_model` from that version first, then load it back in current version. See:

    https://xgboost.readthedocs.io/en/stable/tutorials/saving_model.html

for more details about differences between saving model and serializing.

  setstate(state)
ERROR: APIError(code=-1013): Filter failure: NOTIONAL | run_duration_seconds: 5.028
/usr/lib/python3.12/pickle.py:1710: UserWarning: [16:00:08] WARNING: /workspace/src/collective/../data/../common/error_msg.h:83: If you are loading a serialized model (like pickle in Python, RDS in R) or
configuration generated by an older version of XGBoost, please export the model by calling
`Booster.save_model` from that version first, then load it back in current version. See:

    https://xgboost.readthedocs.io/en/stable/tutorials/saving_model.html

for more details about differences between saving model and serializing.

  setstate(state)
ERROR: APIError(code=-1013): Filter failure: NOTIONAL | run_duration_seconds: 4.627
/usr/lib/python3.12/pickle.py:1710: UserWarning: [20:00:07] WARNING: /workspace/src/collective/../data/../common/error_msg.h:83: If you are loading a serialized model (like pickle in Python, RDS in R) or
configuration generated by an older version of XGBoost, please export the model by calling
`Booster.save_model` from that version first, then load it back in current version. See:

    https://xgboost.readthedocs.io/en/stable/tutorials/saving_model.html

for more details about differences between saving model and serializing.

  setstate(state)
ERROR: APIError(code=-1013): Filter failure: NOTIONAL | run_duration_seconds: 7.971
/usr/lib/python3.12/pickle.py:1710: UserWarning: [00:00:11] WARNING: /workspace/src/collective/../data/../common/error_msg.h:83: If you are loading a serialized model (like pickle in Python, RDS in R) or
configuration generated by an older version of XGBoost, please export the model by calling
`Booster.save_model` from that version first, then load it back in current version. See:

    https://xgboost.readthedocs.io/en/stable/tutorials/saving_model.html

for more details about differences between saving model and serializing.

  setstate(state)
ERROR: APIError(code=-1013): Filter failure: NOTIONAL | run_duration_seconds: 7.01
/usr/lib/python3.12/pickle.py:1710: UserWarning: [04:00:07] WARNING: /workspace/src/collective/../data/../common/error_msg.h:83: If you are loading a serialized model (like pickle in Python, RDS in R) or
configuration generated by an older version of XGBoost, please export the model by calling
`Booster.save_model` from that version first, then load it back in current version. See:

    https://xgboost.readthedocs.io/en/stable/tutorials/saving_model.html

for more details about differences between saving model and serializing.

  setstate(state)
ERROR: APIError(code=-1013): Filter failure: NOTIONAL | run_duration_seconds: 5.064
/usr/lib/python3.12/pickle.py:1710: UserWarning: [08:00:08] WARNING: /workspace/src/collective/../data/../common/error_msg.h:83: If you are loading a serialized model (like pickle in Python, RDS in R) or
configuration generated by an older version of XGBoost, please export the model by calling
`Booster.save_model` from that version first, then load it back in current version. See:

    https://xgboost.readthedocs.io/en/stable/tutorials/saving_model.html

for more details about differences between saving model and serializing.

  setstate(state)
ERROR: APIError(code=-1013): Filter failure: NOTIONAL | run_duration_seconds: 6.953
/usr/lib/python3.12/pickle.py:1710: UserWarning: [12:00:08] WARNING: /workspace/src/collective/../data/../common/error_msg.h:83: If you are loading a serialized model (like pickle in Python, RDS in R) or
configuration generated by an older version of XGBoost, please export the model by calling
`Booster.save_model` from that version first, then load it back in current version. See:

    https://xgboost.readthedocs.io/en/stable/tutorials/saving_model.html

for more details about differences between saving model and serializing.

  setstate(state)
ERROR: APIError(code=-1013): Filter failure: NOTIONAL | run_duration_seconds: 5.973
/usr/lib/python3.12/pickle.py:1710: UserWarning: [16:00:10] WARNING: /workspace/src/collective/../data/../common/error_msg.h:83: If you are loading a serialized model (like pickle in Python, RDS in R) or
configuration generated by an older version of XGBoost, please export the model by calling
`Booster.save_model` from that version first, then load it back in current version. See:

    https://xgboost.readthedocs.io/en/stable/tutorials/saving_model.html

for more details about differences between saving model and serializing.

  setstate(state)
ERROR: APIError(code=-1013): Filter failure: NOTIONAL | run_duration_seconds: 6.479
/usr/lib/python3.12/pickle.py:1710: UserWarning: [20:00:07] WARNING: /workspace/src/collective/../data/../common/error_msg.h:83: If you are loading a serialized model (like pickle in Python, RDS in R) or
configuration generated by an older version of XGBoost, please export the model by calling
`Booster.save_model` from that version first, then load it back in current version. See:

    https://xgboost.readthedocs.io/en/stable/tutorials/saving_model.html

for more details about differences between saving model and serializing.

  setstate(state)
ERROR: APIError(code=-1013): Filter failure: NOTIONAL | run_duration_seconds: 5.939
/usr/lib/python3.12/pickle.py:1710: UserWarning: [00:00:11] WARNING: /workspace/src/collective/../data/../common/error_msg.h:83: If you are loading a serialized model (like pickle in Python, RDS in R) or
configuration generated by an older version of XGBoost, please export the model by calling
`Booster.save_model` from that version first, then load it back in current version. See:

    https://xgboost.readthedocs.io/en/stable/tutorials/saving_model.html

for more details about differences between saving model and serializing.

  setstate(state)
ERROR: APIError(code=-1013): Filter failure: NOTIONAL | run_duration_seconds: 7.007
/usr/lib/python3.12/pickle.py:1710: UserWarning: [04:00:08] WARNING: /workspace/src/collective/../data/../common/error_msg.h:83: If you are loading a serialized model (like pickle in Python, RDS in R) or
configuration generated by an older version of XGBoost, please export the model by calling
`Booster.save_model` from that version first, then load it back in current version. See:

    https://xgboost.readthedocs.io/en/stable/tutorials/saving_model.html

for more details about differences between saving model and serializing.

  setstate(state)
ERROR: APIError(code=-1013): Filter failure: NOTIONAL | run_duration_seconds: 6.297
/usr/lib/python3.12/pickle.py:1710: UserWarning: [08:00:08] WARNING: /workspace/src/collective/../data/../common/error_msg.h:83: If you are loading a serialized model (like pickle in Python, RDS in R) or
configuration generated by an older version of XGBoost, please export the model by calling
`Booster.save_model` from that version first, then load it back in current version. See:

    https://xgboost.readthedocs.io/en/stable/tutorials/saving_model.html

for more details about differences between saving model and serializing.

  setstate(state)
ERROR: APIError(code=-1013): Filter failure: NOTIONAL | run_duration_seconds: 5.279
/usr/lib/python3.12/pickle.py:1710: UserWarning: [12:00:10] WARNING: /workspace/src/collective/../data/../common/error_msg.h:83: If you are loading a serialized model (like pickle in Python, RDS in R) or
configuration generated by an older version of XGBoost, please export the model by calling
`Booster.save_model` from that version first, then load it back in current version. See:

    https://xgboost.readthedocs.io/en/stable/tutorials/saving_model.html

for more details about differences between saving model and serializing.

  setstate(state)
/usr/lib/python3.12/pickle.py:1710: UserWarning: [16:00:09] WARNING: /workspace/src/collective/../data/../common/error_msg.h:83: If you are loading a serialized model (like pickle in Python, RDS in R) or
configuration generated by an older version of XGBoost, please export the model by calling
`Booster.save_model` from that version first, then load it back in current version. See:

    https://xgboost.readthedocs.io/en/stable/tutorials/saving_model.html

for more details about differences between saving model and serializing.

  setstate(state)
/usr/lib/python3.12/pickle.py:1710: UserWarning: [20:00:07] WARNING: /workspace/src/collective/../data/../common/error_msg.h:83: If you are loading a serialized model (like pickle in Python, RDS in R) or
configuration generated by an older version of XGBoost, please export the model by calling
`Booster.save_model` from that version first, then load it back in current version. See:

    https://xgboost.readthedocs.io/en/stable/tutorials/saving_model.html

for more details about differences between saving model and serializing.

  setstate(state)
/usr/lib/python3.12/pickle.py:1710: UserWarning: [00:00:09] WARNING: /workspace/src/collective/../data/../common/error_msg.h:83: If you are loading a serialized model (like pickle in Python, RDS in R) or
configuration generated by an older version of XGBoost, please export the model by calling
`Booster.save_model` from that version first, then load it back in current version. See:

    https://xgboost.readthedocs.io/en/stable/tutorials/saving_model.html

for more details about differences between saving model and serializing.

  setstate(state)
/usr/lib/python3.12/pickle.py:1710: UserWarning: [04:00:07] WARNING: /workspace/src/collective/../data/../common/error_msg.h:83: If you are loading a serialized model (like pickle in Python, RDS in R) or
configuration generated by an older version of XGBoost, please export the model by calling
`Booster.save_model` from that version first, then load it back in current version. See:

    https://xgboost.readthedocs.io/en/stable/tutorials/saving_model.html

for more details about differences between saving model and serializing.

  setstate(state)
/usr/lib/python3.12/pickle.py:1710: UserWarning: [08:00:09] WARNING: /workspace/src/collective/../data/../common/error_msg.h:83: If you are loading a serialized model (like pickle in Python, RDS in R) or
configuration generated by an older version of XGBoost, please export the model by calling
`Booster.save_model` from that version first, then load it back in current version. See:

    https://xgboost.readthedocs.io/en/stable/tutorials/saving_model.html

for more details about differences between saving model and serializing.

  setstate(state)
ERROR: APIError(code=-1013): Filter failure: NOTIONAL | run_duration_seconds: 8.545
/usr/lib/python3.12/pickle.py:1710: UserWarning: [12:00:10] WARNING: /workspace/src/collective/../data/../common/error_msg.h:83: If you are loading a serialized model (like pickle in Python, RDS in R) or
configuration generated by an older version of XGBoost, please export the model by calling
`Booster.save_model` from that version first, then load it back in current version. See:

    https://xgboost.readthedocs.io/en/stable/tutorials/saving_model.html

for more details about differences between saving model and serializing.

  setstate(state)
/usr/lib/python3.12/pickle.py:1710: UserWarning: [16:00:08] WARNING: /workspace/src/collective/../data/../common/error_msg.h:83: If you are loading a serialized model (like pickle in Python, RDS in R) or
configuration generated by an older version of XGBoost, please export the model by calling
`Booster.save_model` from that version first, then load it back in current version. See:

    https://xgboost.readthedocs.io/en/stable/tutorials/saving_model.html

for more details about differences between saving model and serializing.

  setstate(state)
/usr/lib/python3.12/pickle.py:1710: UserWarning: [20:00:09] WARNING: /workspace/src/collective/../data/../common/error_msg.h:83: If you are loading a serialized model (like pickle in Python, RDS in R) or
configuration generated by an older version of XGBoost, please export the model by calling
`Booster.save_model` from that version first, then load it back in current version. See:

    https://xgboost.readthedocs.io/en/stable/tutorials/saving_model.html

for more details about differences between saving model and serializing.

  setstate(state)
ERROR: APIError(code=-1013): Filter failure: NOTIONAL | run_duration_seconds: 6.64
/usr/lib/python3.12/pickle.py:1710: UserWarning: [00:00:14] WARNING: /workspace/src/collective/../data/../common/error_msg.h:83: If you are loading a serialized model (like pickle in Python, RDS in R) or
configuration generated by an older version of XGBoost, please export the model by calling
`Booster.save_model` from that version first, then load it back in current version. See:

    https://xgboost.readthedocs.io/en/stable/tutorials/saving_model.html

for more details about differences between saving model and serializing.

  setstate(state)
/usr/lib/python3.12/pickle.py:1710: UserWarning: [04:00:09] WARNING: /workspace/src/collective/../data/../common/error_msg.h:83: If you are loading a serialized model (like pickle in Python, RDS in R) or
configuration generated by an older version of XGBoost, please export the model by calling
`Booster.save_model` from that version first, then load it back in current version. See:

    https://xgboost.readthedocs.io/en/stable/tutorials/saving_model.html

for more details about differences between saving model and serializing.

  setstate(state)
/usr/lib/python3.12/pickle.py:1710: UserWarning: [08:00:09] WARNING: /workspace/src/collective/../data/../common/error_msg.h:83: If you are loading a serialized model (like pickle in Python, RDS in R) or
configuration generated by an older version of XGBoost, please export the model by calling
`Booster.save_model` from that version first, then load it back in current version. See:

    https://xgboost.readthedocs.io/en/stable/tutorials/saving_model.html

for more details about differences between saving model and serializing.

  setstate(state)
/usr/lib/python3.12/pickle.py:1710: UserWarning: [12:00:11] WARNING: /workspace/src/collective/../data/../common/error_msg.h:83: If you are loading a serialized model (like pickle in Python, RDS in R) or
configuration generated by an older version of XGBoost, please export the model by calling
`Booster.save_model` from that version first, then load it back in current version. See:

    https://xgboost.readthedocs.io/en/stable/tutorials/saving_model.html

for more details about differences between saving model and serializing.

  setstate(state)
/usr/lib/python3.12/pickle.py:1710: UserWarning: [16:00:10] WARNING: /workspace/src/collective/../data/../common/error_msg.h:83: If you are loading a serialized model (like pickle in Python, RDS in R) or
configuration generated by an older version of XGBoost, please export the model by calling
`Booster.save_model` from that version first, then load it back in current version. See:

    https://xgboost.readthedocs.io/en/stable/tutorials/saving_model.html

for more details about differences between saving model and serializing.

  setstate(state)
/usr/lib/python3.12/pickle.py:1710: UserWarning: [20:00:07] WARNING: /workspace/src/collective/../data/../common/error_msg.h:83: If you are loading a serialized model (like pickle in Python, RDS in R) or
configuration generated by an older version of XGBoost, please export the model by calling
`Booster.save_model` from that version first, then load it back in current version. See:

    https://xgboost.readthedocs.io/en/stable/tutorials/saving_model.html

for more details about differences between saving model and serializing.

  setstate(state)
/usr/lib/python3.12/pickle.py:1710: UserWarning: [00:00:16] WARNING: /workspace/src/collective/../data/../common/error_msg.h:83: If you are loading a serialized model (like pickle in Python, RDS in R) or
configuration generated by an older version of XGBoost, please export the model by calling
`Booster.save_model` from that version first, then load it back in current version. See:

    https://xgboost.readthedocs.io/en/stable/tutorials/saving_model.html

for more details about differences between saving model and serializing.

  setstate(state)
/usr/lib/python3.12/pickle.py:1710: UserWarning: [04:00:07] WARNING: /workspace/src/collective/../data/../common/error_msg.h:83: If you are loading a serialized model (like pickle in Python, RDS in R) or
configuration generated by an older version of XGBoost, please export the model by calling
`Booster.save_model` from that version first, then load it back in current version. See:

    https://xgboost.readthedocs.io/en/stable/tutorials/saving_model.html

for more details about differences between saving model and serializing.

  setstate(state)
/usr/lib/python3.12/pickle.py:1710: UserWarning: [08:00:08] WARNING: /workspace/src/collective/../data/../common/error_msg.h:83: If you are loading a serialized model (like pickle in Python, RDS in R) or
configuration generated by an older version of XGBoost, please export the model by calling
`Booster.save_model` from that version first, then load it back in current version. See:

    https://xgboost.readthedocs.io/en/stable/tutorials/saving_model.html

for more details about differences between saving model and serializing.

  setstate(state)
/usr/lib/python3.12/pickle.py:1710: UserWarning: [12:00:08] WARNING: /workspace/src/collective/../data/../common/error_msg.h:83: If you are loading a serialized model (like pickle in Python, RDS in R) or
configuration generated by an older version of XGBoost, please export the model by calling
`Booster.save_model` from that version first, then load it back in current version. See:

    https://xgboost.readthedocs.io/en/stable/tutorials/saving_model.html

for more details about differences between saving model and serializing.

  setstate(state)
ERROR: APIError(code=-1013): Filter failure: NOTIONAL | run_duration_seconds: 6.472
/usr/lib/python3.12/pickle.py:1710: UserWarning: [16:00:07] WARNING: /workspace/src/collective/../data/../common/error_msg.h:83: If you are loading a serialized model (like pickle in Python, RDS in R) or
configuration generated by an older version of XGBoost, please export the model by calling
`Booster.save_model` from that version first, then load it back in current version. See:

    https://xgboost.readthedocs.io/en/stable/tutorials/saving_model.html

for more details about differences between saving model and serializing.

  setstate(state)
/usr/lib/python3.12/pickle.py:1710: UserWarning: [20:00:07] WARNING: /workspace/src/collective/../data/../common/error_msg.h:83: If you are loading a serialized model (like pickle in Python, RDS in R) or
configuration generated by an older version of XGBoost, please export the model by calling
`Booster.save_model` from that version first, then load it back in current version. See:

    https://xgboost.readthedocs.io/en/stable/tutorials/saving_model.html

for more details about differences between saving model and serializing.

  setstate(state)
/usr/lib/python3.12/pickle.py:1710: UserWarning: [00:00:12] WARNING: /workspace/src/collective/../data/../common/error_msg.h:83: If you are loading a serialized model (like pickle in Python, RDS in R) or
configuration generated by an older version of XGBoost, please export the model by calling
`Booster.save_model` from that version first, then load it back in current version. See:

    https://xgboost.readthedocs.io/en/stable/tutorials/saving_model.html

for more details about differences between saving model and serializing.

  setstate(state)
/usr/lib/python3.12/pickle.py:1710: UserWarning: [04:00:08] WARNING: /workspace/src/collective/../data/../common/error_msg.h:83: If you are loading a serialized model (like pickle in Python, RDS in R) or
configuration generated by an older version of XGBoost, please export the model by calling
`Booster.save_model` from that version first, then load it back in current version. See:

    https://xgboost.readthedocs.io/en/stable/tutorials/saving_model.html

for more details about differences between saving model and serializing.

  setstate(state)
Traceback (most recent call last):
  File "/home/trading-python/venv/lib/python3.12/site-packages/urllib3/connection.py", line 204, in _new_conn
    sock = connection.create_connection(
           ^^^^^^^^^^^^^^^^^^^^^^^^^^^^^
  File "/home/trading-python/venv/lib/python3.12/site-packages/urllib3/util/connection.py", line 85, in create_connection
    raise err
  File "/home/trading-python/venv/lib/python3.12/site-packages/urllib3/util/connection.py", line 73, in create_connection
    sock.connect(sa)
TimeoutError: timed out

The above exception was the direct cause of the following exception:

Traceback (most recent call last):
  File "/home/trading-python/venv/lib/python3.12/site-packages/urllib3/connectionpool.py", line 787, in urlopen
    response = self._make_request(
               ^^^^^^^^^^^^^^^^^^^
  File "/home/trading-python/venv/lib/python3.12/site-packages/urllib3/connectionpool.py", line 488, in _make_request
    raise new_e
  File "/home/trading-python/venv/lib/python3.12/site-packages/urllib3/connectionpool.py", line 464, in _make_request
    self._validate_conn(conn)
  File "/home/trading-python/venv/lib/python3.12/site-packages/urllib3/connectionpool.py", line 1093, in _validate_conn
    conn.connect()
  File "/home/trading-python/venv/lib/python3.12/site-packages/urllib3/connection.py", line 759, in connect
    self.sock = sock = self._new_conn()
                       ^^^^^^^^^^^^^^^^
  File "/home/trading-python/venv/lib/python3.12/site-packages/urllib3/connection.py", line 213, in _new_conn
    raise ConnectTimeoutError(
urllib3.exceptions.ConnectTimeoutError: (<HTTPSConnection(host='api.binance.com', port=443) at 0x7c4444102840>, 'Connection to api.binance.com timed out. (connect timeout=10)')

The above exception was the direct cause of the following exception:

Traceback (most recent call last):
  File "/home/trading-python/venv/lib/python3.12/site-packages/requests/adapters.py", line 644, in send
    resp = conn.urlopen(
           ^^^^^^^^^^^^^
  File "/home/trading-python/venv/lib/python3.12/site-packages/urllib3/connectionpool.py", line 841, in urlopen
    retries = retries.increment(
              ^^^^^^^^^^^^^^^^^^
  File "/home/trading-python/venv/lib/python3.12/site-packages/urllib3/util/retry.py", line 535, in increment
    raise MaxRetryError(_pool, url, reason) from reason  # type: ignore[arg-type]
    ^^^^^^^^^^^^^^^^^^^^^^^^^^^^^^^^^^^^^^^^^^^^^^^^^^^
urllib3.exceptions.MaxRetryError: HTTPSConnectionPool(host='api.binance.com', port=443): Max retries exceeded with url: /api/v3/ping (Caused by ConnectTimeoutError(<HTTPSConnection(host='api.binance.com', port=443) at 0x7c4444102840>, 'Connection to api.binance.com timed out. (connect timeout=10)'))

During handling of the above exception, another exception occurred:

Traceback (most recent call last):
  File "/home/trading-python/api_liveScript.py", line 753, in <module>
    raise SystemExit(main())
                     ^^^^^^
  File "/home/trading-python/api_liveScript.py", line 669, in main
    client_market = Client()
                    ^^^^^^^^
  File "/home/trading-python/venv/lib/python3.12/site-packages/binance/client.py", line 55, in __init__
    self.ping()
  File "/home/trading-python/venv/lib/python3.12/site-packages/binance/client.py", line 368, in ping
    return self._get("ping")
           ^^^^^^^^^^^^^^^^^
  File "/home/trading-python/venv/lib/python3.12/site-packages/binance/client.py", line 200, in _get
    return self._request_api("get", path, signed, version, **kwargs)
           ^^^^^^^^^^^^^^^^^^^^^^^^^^^^^^^^^^^^^^^^^^^^^^^^^^^^^^^^^
  File "/home/trading-python/venv/lib/python3.12/site-packages/binance/client.py", line 134, in _request_api
    return self._request(method, uri, signed, **kwargs)
           ^^^^^^^^^^^^^^^^^^^^^^^^^^^^^^^^^^^^^^^^^^^^
  File "/home/trading-python/venv/lib/python3.12/site-packages/binance/client.py", line 92, in _request
    self.response = getattr(self.session, method)(uri, headers=headers, data=data, **kwargs)
                    ^^^^^^^^^^^^^^^^^^^^^^^^^^^^^^^^^^^^^^^^^^^^^^^^^^^^^^^^^^^^^^^^^^^^^^^^
  File "/home/trading-python/venv/lib/python3.12/site-packages/requests/sessions.py", line 602, in get
    return self.request("GET", url, **kwargs)
           ^^^^^^^^^^^^^^^^^^^^^^^^^^^^^^^^^^
  File "/home/trading-python/venv/lib/python3.12/site-packages/requests/sessions.py", line 589, in request
    resp = self.send(prep, **send_kwargs)
           ^^^^^^^^^^^^^^^^^^^^^^^^^^^^^^
  File "/home/trading-python/venv/lib/python3.12/site-packages/requests/sessions.py", line 703, in send
    r = adapter.send(request, **kwargs)
        ^^^^^^^^^^^^^^^^^^^^^^^^^^^^^^^
  File "/home/trading-python/venv/lib/python3.12/site-packages/requests/adapters.py", line 665, in send
    raise ConnectTimeout(e, request=request)
requests.exceptions.ConnectTimeout: HTTPSConnectionPool(host='api.binance.com', port=443): Max retries exceeded with url: /api/v3/ping (Caused by ConnectTimeoutError(<HTTPSConnection(host='api.binance.com', port=443) at 0x7c4444102840>, 'Connection to api.binance.com timed out. (connect timeout=10)'))
/usr/lib/python3.12/pickle.py:1710: UserWarning: [12:00:07] WARNING: /workspace/src/collective/../data/../common/error_msg.h:83: If you are loading a serialized model (like pickle in Python, RDS in R) or
configuration generated by an older version of XGBoost, please export the model by calling
`Booster.save_model` from that version first, then load it back in current version. See:

    https://xgboost.readthedocs.io/en/stable/tutorials/saving_model.html

for more details about differences between saving model and serializing.

  setstate(state)
/usr/lib/python3.12/pickle.py:1710: UserWarning: [16:00:08] WARNING: /workspace/src/collective/../data/../common/error_msg.h:83: If you are loading a serialized model (like pickle in Python, RDS in R) or
configuration generated by an older version of XGBoost, please export the model by calling
`Booster.save_model` from that version first, then load it back in current version. See:

    https://xgboost.readthedocs.io/en/stable/tutorials/saving_model.html

for more details about differences between saving model and serializing.

  setstate(state)
/usr/lib/python3.12/pickle.py:1710: UserWarning: [20:00:06] WARNING: /workspace/src/collective/../data/../common/error_msg.h:83: If you are loading a serialized model (like pickle in Python, RDS in R) or
configuration generated by an older version of XGBoost, please export the model by calling
`Booster.save_model` from that version first, then load it back in current version. See:

    https://xgboost.readthedocs.io/en/stable/tutorials/saving_model.html

for more details about differences between saving model and serializing.

  setstate(state)
/usr/lib/python3.12/pickle.py:1710: UserWarning: [00:00:13] WARNING: /workspace/src/collective/../data/../common/error_msg.h:83: If you are loading a serialized model (like pickle in Python, RDS in R) or
configuration generated by an older version of XGBoost, please export the model by calling
`Booster.save_model` from that version first, then load it back in current version. See:

    https://xgboost.readthedocs.io/en/stable/tutorials/saving_model.html

for more details about differences between saving model and serializing.

  setstate(state)
/usr/lib/python3.12/pickle.py:1710: UserWarning: [04:00:07] WARNING: /workspace/src/collective/../data/../common/error_msg.h:83: If you are loading a serialized model (like pickle in Python, RDS in R) or
configuration generated by an older version of XGBoost, please export the model by calling
`Booster.save_model` from that version first, then load it back in current version. See:

    https://xgboost.readthedocs.io/en/stable/tutorials/saving_model.html

for more details about differences between saving model and serializing.

  setstate(state)
/usr/lib/python3.12/pickle.py:1710: UserWarning: [08:00:07] WARNING: /workspace/src/collective/../data/../common/error_msg.h:83: If you are loading a serialized model (like pickle in Python, RDS in R) or
configuration generated by an older version of XGBoost, please export the model by calling
`Booster.save_model` from that version first, then load it back in current version. See:

    https://xgboost.readthedocs.io/en/stable/tutorials/saving_model.html

for more details about differences between saving model and serializing.

  setstate(state)
/usr/lib/python3.12/pickle.py:1710: UserWarning: [12:00:06] WARNING: /workspace/src/collective/../data/../common/error_msg.h:83: If you are loading a serialized model (like pickle in Python, RDS in R) or
configuration generated by an older version of XGBoost, please export the model by calling
`Booster.save_model` from that version first, then load it back in current version. See:

    https://xgboost.readthedocs.io/en/stable/tutorials/saving_model.html

for more details about differences between saving model and serializing.

  setstate(state)
ERROR: APIError(code=-1013): Filter failure: NOTIONAL | run_duration_seconds: 5.275
/usr/lib/python3.12/pickle.py:1710: UserWarning: [16:00:07] WARNING: /workspace/src/collective/../data/../common/error_msg.h:83: If you are loading a serialized model (like pickle in Python, RDS in R) or
configuration generated by an older version of XGBoost, please export the model by calling
`Booster.save_model` from that version first, then load it back in current version. See:

    https://xgboost.readthedocs.io/en/stable/tutorials/saving_model.html

for more details about differences between saving model and serializing.

  setstate(state)
ERROR: APIError(code=-1013): Filter failure: NOTIONAL | run_duration_seconds: 6.37
/usr/lib/python3.12/pickle.py:1710: UserWarning: [20:00:06] WARNING: /workspace/src/collective/../data/../common/error_msg.h:83: If you are loading a serialized model (like pickle in Python, RDS in R) or
configuration generated by an older version of XGBoost, please export the model by calling
`Booster.save_model` from that version first, then load it back in current version. See:

    https://xgboost.readthedocs.io/en/stable/tutorials/saving_model.html

for more details about differences between saving model and serializing.

  setstate(state)
ERROR: APIError(code=-1013): Filter failure: NOTIONAL | run_duration_seconds: 4.548
/usr/lib/python3.12/pickle.py:1710: UserWarning: [00:00:10] WARNING: /workspace/src/collective/../data/../common/error_msg.h:83: If you are loading a serialized model (like pickle in Python, RDS in R) or
configuration generated by an older version of XGBoost, please export the model by calling
`Booster.save_model` from that version first, then load it back in current version. See:

    https://xgboost.readthedocs.io/en/stable/tutorials/saving_model.html

for more details about differences between saving model and serializing.

  setstate(state)
ERROR: APIError(code=-1013): Filter failure: NOTIONAL | run_duration_seconds: 9.167
/usr/lib/python3.12/pickle.py:1710: UserWarning: [04:00:07] WARNING: /workspace/src/collective/../data/../common/error_msg.h:83: If you are loading a serialized model (like pickle in Python, RDS in R) or
configuration generated by an older version of XGBoost, please export the model by calling
`Booster.save_model` from that version first, then load it back in current version. See:

    https://xgboost.readthedocs.io/en/stable/tutorials/saving_model.html

for more details about differences between saving model and serializing.

  setstate(state)
/usr/lib/python3.12/pickle.py:1710: UserWarning: [08:00:09] WARNING: /workspace/src/collective/../data/../common/error_msg.h:83: If you are loading a serialized model (like pickle in Python, RDS in R) or
configuration generated by an older version of XGBoost, please export the model by calling
`Booster.save_model` from that version first, then load it back in current version. See:

    https://xgboost.readthedocs.io/en/stable/tutorials/saving_model.html

for more details about differences between saving model and serializing.

  setstate(state)
ERROR: APIError(code=-1013): Filter failure: NOTIONAL | run_duration_seconds: 6.065
/usr/lib/python3.12/pickle.py:1710: UserWarning: [12:00:07] WARNING: /workspace/src/collective/../data/../common/error_msg.h:83: If you are loading a serialized model (like pickle in Python, RDS in R) or
configuration generated by an older version of XGBoost, please export the model by calling
`Booster.save_model` from that version first, then load it back in current version. See:

    https://xgboost.readthedocs.io/en/stable/tutorials/saving_model.html

for more details about differences between saving model and serializing.

  setstate(state)
ERROR: APIError(code=-1013): Filter failure: NOTIONAL | run_duration_seconds: 4.871
/usr/lib/python3.12/pickle.py:1710: UserWarning: [16:00:08] WARNING: /workspace/src/collective/../data/../common/error_msg.h:83: If you are loading a serialized model (like pickle in Python, RDS in R) or
configuration generated by an older version of XGBoost, please export the model by calling
`Booster.save_model` from that version first, then load it back in current version. See:

    https://xgboost.readthedocs.io/en/stable/tutorials/saving_model.html

for more details about differences between saving model and serializing.

  setstate(state)
/usr/lib/python3.12/pickle.py:1710: UserWarning: [20:00:06] WARNING: /workspace/src/collective/../data/../common/error_msg.h:83: If you are loading a serialized model (like pickle in Python, RDS in R) or
configuration generated by an older version of XGBoost, please export the model by calling
`Booster.save_model` from that version first, then load it back in current version. See:

    https://xgboost.readthedocs.io/en/stable/tutorials/saving_model.html

for more details about differences between saving model and serializing.

  setstate(state)
ERROR: APIError(code=-1013): Filter failure: NOTIONAL | run_duration_seconds: 4.602
/usr/lib/python3.12/pickle.py:1710: UserWarning: [00:00:13] WARNING: /workspace/src/collective/../data/../common/error_msg.h:83: If you are loading a serialized model (like pickle in Python, RDS in R) or
configuration generated by an older version of XGBoost, please export the model by calling
`Booster.save_model` from that version first, then load it back in current version. See:

    https://xgboost.readthedocs.io/en/stable/tutorials/saving_model.html

for more details about differences between saving model and serializing.

  setstate(state)
/usr/lib/python3.12/pickle.py:1710: UserWarning: [04:00:07] WARNING: /workspace/src/collective/../data/../common/error_msg.h:83: If you are loading a serialized model (like pickle in Python, RDS in R) or
configuration generated by an older version of XGBoost, please export the model by calling
`Booster.save_model` from that version first, then load it back in current version. See:

    https://xgboost.readthedocs.io/en/stable/tutorials/saving_model.html

for more details about differences between saving model and serializing.

  setstate(state)
ERROR: APIError(code=-1013): Filter failure: NOTIONAL | run_duration_seconds: 7.336
/usr/lib/python3.12/pickle.py:1710: UserWarning: [08:00:08] WARNING: /workspace/src/collective/../data/../common/error_msg.h:83: If you are loading a serialized model (like pickle in Python, RDS in R) or
configuration generated by an older version of XGBoost, please export the model by calling
`Booster.save_model` from that version first, then load it back in current version. See:

    https://xgboost.readthedocs.io/en/stable/tutorials/saving_model.html

for more details about differences between saving model and serializing.

  setstate(state)
/usr/lib/python3.12/pickle.py:1710: UserWarning: [12:00:09] WARNING: /workspace/src/collective/../data/../common/error_msg.h:83: If you are loading a serialized model (like pickle in Python, RDS in R) or
configuration generated by an older version of XGBoost, please export the model by calling
`Booster.save_model` from that version first, then load it back in current version. See:

    https://xgboost.readthedocs.io/en/stable/tutorials/saving_model.html

for more details about differences between saving model and serializing.

  setstate(state)
/usr/lib/python3.12/pickle.py:1710: UserWarning: [16:00:08] WARNING: /workspace/src/collective/../data/../common/error_msg.h:83: If you are loading a serialized model (like pickle in Python, RDS in R) or
configuration generated by an older version of XGBoost, please export the model by calling
`Booster.save_model` from that version first, then load it back in current version. See:

    https://xgboost.readthedocs.io/en/stable/tutorials/saving_model.html

for more details about differences between saving model and serializing.

  setstate(state)
/usr/lib/python3.12/pickle.py:1710: UserWarning: [20:00:09] WARNING: /workspace/src/collective/../data/../common/error_msg.h:83: If you are loading a serialized model (like pickle in Python, RDS in R) or
configuration generated by an older version of XGBoost, please export the model by calling
`Booster.save_model` from that version first, then load it back in current version. See:

    https://xgboost.readthedocs.io/en/stable/tutorials/saving_model.html

for more details about differences between saving model and serializing.

  setstate(state)
ERROR: APIError(code=-1013): Filter failure: NOTIONAL | run_duration_seconds: 5.988
/usr/lib/python3.12/pickle.py:1710: UserWarning: [00:00:11] WARNING: /workspace/src/collective/../data/../common/error_msg.h:83: If you are loading a serialized model (like pickle in Python, RDS in R) or
configuration generated by an older version of XGBoost, please export the model by calling
`Booster.save_model` from that version first, then load it back in current version. See:

    https://xgboost.readthedocs.io/en/stable/tutorials/saving_model.html

for more details about differences between saving model and serializing.

  setstate(state)
